
CREATE DATABASE db_ricette DEFAULT CHARACTER SET utf8mb4;

USE db_ricette;


-- --------------------------------------------------------

--
-- Struttura della tabella `allergia_alimentare_verso`
--

CREATE TABLE IF NOT EXISTS allergia_alimentare_verso (
  id_ingrediente int(11) NOT NULL,
  nickname varchar(60) NOT NULL
) ENGINE=InnoDB DEFAULT CHARSET=utf8 COLLATE=utf8_general_ci;

INSERT INTO allergia_alimentare_verso (nickname, id_ingrediente) VALUES
('LucaBorghi98', 5),
('Mary_the_real_', 18),
('Silvia56_', 5),
('Silvia56_', 72),
('Ivannn93', 9),
('Ivannn93', 11), 
('Ivannn93', 27),
('Ivannn93', 92),
('Ivannn93', 58),
('Ivannn93', 116),
('BartoliSofi_', 5),
('Giorgione21', 6),
('Enry11_', 42),
('Marty88', 4),
('Oliverj7', 5),
('Oliverj7', 95),
('GialliFra1', 18),
('RossiMarko1', 29),
('Giuliobarb41', 63),
('Cristina_chef75', 5);


-- --------------------------------------------------------

--
-- Struttura della tabella `categoriaricetta`
--

CREATE TABLE IF NOT EXISTS categoriaricetta (
  id_categoria int(11) NOT NULL,
  nome varchar(60) NOT NULL
) ENGINE=InnoDB DEFAULT CHARSET=utf8 COLLATE=utf8_general_ci;

--
-- Dump dei dati per la tabella `categoriaricetta`
--

INSERT INTO categoriaricetta (id_categoria, nome) VALUES
(1, 'Dolci'),
(2, 'Primi piatti'),
(3, 'Lievitati'),
(4, 'Secondi piatti'),
(5, 'Antipasti'),
(6, 'Torte salate'),
(7, 'Salse e Sughi'),
(8, 'Insalate'),
(9, 'Contorni'),
(10, 'Bevande');
-- --------------------------------------------------------

--
-- Struttura della tabella `contiene`
--

CREATE TABLE IF NOT EXISTS contiene (
  id_ricetta int(11) NOT NULL,
  id_ingrediente int(11) NOT NULL,
  quantita varchar(45) NOT NULL
) ENGINE=InnoDB DEFAULT CHARSET=utf8 COLLATE=utf8_general_ci;

INSERT INTO contiene (id_ricetta, id_ingrediente, quantita) VALUES
(1, 32, '350g'),
(1, 13, '150g'),
(1, 19, '250g'),
(1, 5, '2'),
(1, 52, '3'),
(1, 69, '300g'),
(1, 70, '150g'),
(1, 30, '50g'),
(1, 76, '50g'),
(1, 33, '50g'),
(1, 58, '300g'),
(1, 51, 'q.b.'),
(1, 8, '1 cucchiaio'),
(1, 25, 'q.b.'),
(1, 83, 'q.b.'),
(1, 9, '70g'),
(1, 113, '1l'),
(1, 121, '270g'),
(1, 122, 'q.b.'),
(2, 113, '1l'),
(2, 9 ,'100g'),
(2, 13, '100g'), 
(2, 25, '1 pizzico'),
(2, 122, 'q.b.'),
(3, 2, '320g'),
(3, 1, '150g'),
(3, 52, '6'),
(3, 123, '50g'),
(3, 83, 'q.b.'),
(4, 2, '320g'),
(4, 11, '800g'),
(4, 12, '25g'), 
(4, 88, '10g'),
(4, 43, '1'),
(4, 17, '100g'),
(4, 29, '3'),
(4, 124, '2'),
(4, 8, '30g'),
(4, 25, 'q.b.'),
(5, 125, '660g'), 
(5, 20, '170g'),
(5, 77, '25g'),
(5, 109, '25g'),
(5, 8, '50g'),
(5, 43, '1 cucchiaio'),
(5, 25, 'q.b.'),
(5, 83, 'q.b.'),
(6, 55, '500g'),
(6, 34, '100g'),
(6, 121, '100g'),
(6, 5, '1'),
(6, 8, 'q.b'),
(6, 25, 'q.b.'), 
(6, 83, 'q.b.'),
(6, 78, 'q.b.'),
(7, 108, '840g'),
(7, 65, '2'),
(7, 95, '20g'),
(7, 111, '50g'),
(7, 25, 'q.b.'),
(7, 8, '50g'),
(7, 126, 'q.b.'),
(8, 13, '280g'),
(8, 9, '220g'),
(8, 5, '6'),
(8, 80, '2g'),
(8, 21, '180g'),
(8, 127, '1'),
(8, 25, '1 cucchiaino'),
(8, 9 , 'q.b.'),
(8, 128, 'q.b.'),
(8, 120, 'q.b.'),
(9, 68, '900g'),
(9, 20, '400g'),
(9, 29, '2'),
(9, 106, '1'),
(9, 98, '2'),
(9, 83, 'q.b.'),
(9, 25, 'q.b.'),
(9, 8, '40g'),
(9, 130, '1'),
(10, 10, '200g'),
(10, 64, 'mezzo'),
(10, 3, '20g'),
(10, 25, 'q.b.'),
(10, 72, '20g'),
(10, 78, 'q.b.'),
(11, 15, '1kg'),
(11, 76, '400g'),
(11, 31, '250g'),
(11, 92, '200g'),
(11, 17, '200g'),
(11, 88, '50g'),
(11, 111, '50g'),
(11, 21, '60g'),
(11, 112, '60g'),
(11, 110, 'q.b.'),
(11, 116, '40g'),
(11, 8, 'q.b.'),
(11, 25, 'q.b.'),
(12, 9, '150g'),
(12, 120, '50g'),
(12, 22, '260g'),
(13, 30, '80g'),
(13, 37, '80g'),
(13, 66, '150g'),
(13, 20, '330g'),
(13, 25, 'q.b.'),
(13, 83, 'q.b.'),
(13, 76, '60g'),
(13, 92, '350g'),
(13, 103, '200g'),
(13, 55, '250g'),
(13, 8, 'q.b.'),
(13, 90, '300g'),
(13, 85, '200g'),
(13, 106, '1'),
(13, 3, '50g'),
(14, 66, '200g'),
(14, 73, '150g'),
(14, 96, '230g'),
(14, 25, 'q.b.'),
(14, 83, 'q.b.'),
(14, 64, '1'),
(15, 54, '500g'),
(15, 8, '280g'),
(15, 98, 'mezzo'),
(15, 29, '1'),
(15, 25, 'q.b.'),
(15, 83, 'q.b.'),
(15, 43, 'q.b.'),
(16, 45, '400g'),
(16, 53, '500g'),
(16, 9, '50g'),
(16, 83, 'q.b.'),
(16, 13, '40g'),
(16, 29, '1'),
(16, 8, '10g'),
(16, 25, 'q.b.'),
(16, 130, 'q.b.'),
(16, 106, '1'),
(17, 18, '6'),
(17, 8, 'q.b.'),
(17, 29, '2'),
(17, 43, 'q.b.'),
(17, 109, '50g'),
(17, 25, 'q.b.'),
(17, 83, 'q.b.'),
(17, 58, '500g'),
(17, 76, '1'),
(17, 30, '1'),
(17, 31, '1'),
(17, 3, '5l'),
(17, 6, '1kg'),
(18, 115, '300g'),
(18, 29, '2'),
(18, 8 , 'mezzo cucchiaio'),
(18, 53, '500g'),
(18, 82, '125g'),
(18, 66, '2'),
(18, 41, '100g'),
(18, 43, '2'),
(18, 25, 'q.b.'),
(18, 123, '50g'),
(18, 9, '50g'),
(18, 13, '50g'),
(18, 113, '500g'),
(18, 122, 'q.b.'),
(19, 14, '400g'),
(19, 56, '200g'),
(19, 29, '1'),
(19, 117, '100g'),
(19, 5, '2'),
(19, 43, '1'),
(19, 41, '60g'),
(19, 25, 'q.b.'),
(19, 83, 'q.b.'),
(19, 8, 'q.b.'),
(20, 6, '2kg'),
(20, 83, 'q.b.'),
(20, 43, 'q.b.'),
(20, 98, 'q.b.'),
(21, 67, '500g'),
(21, 5, '105g'),
(21, 101, '1'),
(21, 104, '35g'),
(21, 25, 'q.b.'),
(21, 83, 'q.b.'),
(21, 34, '50g'),
(22, 90, '740g'),
(22, 20, '740g'),
(22, 83, 'q.b.'),
(22, 25, 'q.b.'),
(22, 8, '3'),
(22, 29, '2'),
(22, 9, '30g'),
(22, 3, '1l'),
(22, 105, '110g'), 
(23, 36, '320g'),
(23, 56, '300g'),
(23, 109, '40g'),
(23, 29, '1'),
(23, 130, '2'),
(23, 133, '300g'),
(23, 106, '1'),
(23, 8, '30g'),
(23, 83, 'q.b.'),
(23, 25, 'q.b.'),
(24, 114, '8'),
(24, 98, '1'),
(24, 25, 'q.b'),
(24, 83, 'q.b'),
(24, 13, 'q.b.'),
(24, 9, '40g'),
(25, 20, '500g'),
(25, 109, '1'),
(25, 51, 'q.b.'),
(25, 8, '4'),
(25, 106, '10g'),
(25, 83, 'q.b.'),
(25, 29, '1'),
(25, 130, '10g'),
(26, 59, '110g'),
(26, 20, '650g'), 
(26, 130, 'q.b.'),
(26, 25, 'q.b.'),
(26, 83, 'q.b.'),
(26, 98, '1'),
(26, 5, '2'),
(26, 34, '150g'),
(26, 78, 'q.b.'),
(27, 49, '60ml'),
(27, 131, 'q.b.'),
(27, 132, '90ml'),
(27, 134, 'q.b.'),
(27, 65, 'mezza'),
(28, 2, '400g'),
(28, 11, '600g'),
(28, 70, '150g'),
(28, 31, '100g'),
(28, 123, '30g'),
(28, 25, 'q.b.'),
(28, 83, 'q.b.'),
(28, 136, '1'),
(29, 2, '320g'),
(29, 89, '1kg'),
(29, 29, '1'),
(29, 43, '1'),
(29, 8, 'q.b.'),
(29, 83, 'q.b.'),
(29, 25, 'q.b.'),
(29, 100, 'q.b.'),
(30, 42, '1kg'),
(30, 61, '400g'),
(30, 58, '400g'),
(30, 8, '40g'),
(30, 29, '2'),
(30, 25, 'q.b.'),
(30, 83, 'q.b.'),
(31, 11, '400g'),
(31, 3, '200g'),
(31, 8, '30g'),
(31, 25, 'q.b.'),
(32, 60, '600g'),
(32, 29, '4'),
(32, 43, '1'),
(32, 92, '500g'), 
(32, 8, '4'),
(32, 83, 'q.b.'),
(32, 25, 'q.b.'),
(32, 35, 'q.b.'),
(32, 28, '1 cucchiaio'),
(32, 17, '2'),
(32, 117, '4'),
(33, 2, '320g'),
(33, 25, 'q.b.'),
(33, 29, '1'),
(33, 43, '1'),
(33, 8, '100ml'),
(34, 140, '1kg'),
(34, 8, 'q.b.'),
(34, 37, '1'),
(34, 111, '50g'),
(34, 25, 'q.b.'),
(34, 83, 'q.b.'),
(34, 95, '50g'),
(34, 8, '50ml'),
(34, 34, '150g'),
(35, 66, '570g'),
(35, 100, '30g'),
(35, 13, '100g'),
(35, 119, '570g'),
(36, 10, '800g'),
(36, 25, 'q.b.'),
(36, 130, '2'),
(36, 29, '1'),
(36, 13, '20g'),
(36, 8, '80g'),
(36, 31, '1'),
(36, 106, '1'), 
(36, 35, '1'),
(37, 5, '180g'),
(37, 138, '200g'),
(37, 21, '100g'),
(37, 93, '500g'),
(38, 32, '270g'),
(38, 17, '100g'),
(38, 3, '70g'),
(38, 8, '1 cucchiaino'),
(38, 51, '500ml'),
(38, 105, '125g'),
(38, 87, '400g'),
(38, 98, '1'),
(38, 130, '3'),
(38, 8, '4'),
(38, 25, 'q.b.'),
(38, 70, '4'),
(38, 92, '8'),
(38, 83, 'q.b.'),
(39, 24, '1kg'),
(39, 31, '250g'),
(39, 20, '500g'),
(39, 53, '100g'),
(39, 109, '100g'),
(39, 51, '250g'),
(39, 8, '40g'),
(39, 106, '2'),
(39, 29, '1'),
(39, 130, '3'),
(39, 25, 'q.b.'),
(39, 83, 'q.b.'),
(40, 23, '165g'),
(40, 22, '200g'),
(40, 9, '150g'),
(40, 13, '140g'),
(40, 21, '100g'),
(40, 5, '106g'),
(40, 25, '1 pizzico'),
(40, 80, '8g'),
(40, 127, '1');

-- --------------------------------------------------------

--
-- Struttura della tabella `contattoinstagram`
--

CREATE TABLE IF NOT EXISTS contattoinstagram (
  nome_contatto varchar(60) NOT NULL,
  nickname varchar(60) NOT NULL
) ENGINE=InnoDB DEFAULT CHARSET=utf8 COLLATE=utf8_general_ci;


INSERT INTO contattoinstagram (nome_contatto, nickname) VALUES
('nameismirko', 'Mirko_telli1'),
('patriziaverdi_', 'Patri_verdi1'),
('pane_e_pizza_vizzini_', 'Patri_verdi1'),
('nameisAndrea_', 'Andrewc5'),
('aldo_chef87_', 'ChefAldo_'),
('amiraliotta82_', 'AmiraLio_'),
('sararusso_', 'RussoSaretta9'),
('nameischiara', 'ChiaraBert_'),
('moonshadow00', 'Ame66'),
('romina_non_power', 'iamromina_'),
('ristorante_superfood_', 'ChefAldo_'),
('nameiszelda', 'Zelda90'),
('chris81palermo', 'ChrisPalermo_1'),
('flow_the_music11', 'ChiaraBert_'),
('name_is_mario', 'ChefMario_the_best'),
('claudiobagnani1', 'ClaudioBagna1'),
('bagnani_arredi', 'ClaudioBagna1'),
('samuesposito_', 'Samuesp_'),
('hu_are_you', 'Hu65'),
('gastrnomia_aldo_e_giovanna', 'ChefAldo_'); 


-- --------------------------------------------------------

--
-- Struttura della tabella `ingrediente`
--

CREATE TABLE IF NOT EXISTS ingrediente (
  id_ingrediente int(11) NOT NULL,
  nome varchar(45) NOT NULL,
  con_glutine tinyint(1) NOT NULL,
  con_lattosio tinyint(1) NOT NULL
) ENGINE=InnoDB DEFAULT CHARSET=utf8 COLLATE=utf8_general_ci;

INSERT INTO ingrediente (id_ingrediente, nome, con_glutine, con_lattosio) VALUES
(1, 'Guanciale' , 0 , 0),
(2, 'Spaghetti' , 1 , 0),
(3, 'Acqua' , 0, 0),
(4, 'Filetto di salmone', 0, 0),
(5, 'Uova', 0, 0),
(6, 'Cozze', 0 , 0),
(7, 'Lasagne all"uovo', 1, 0),
(8, 'Olio extravergine di oliva', 0, 0),
(9, 'Burro', 0, 1),
(10, 'Petto di Pollo', 0, 0),
(11, 'Pomodori pelati' , 0, 0),
(12, 'Acciughe sott"olio', 0, 0),
(13, 'Farina 00"' , 1, 0),
(14, 'Manzo' , 0, 0),
(15, 'Melanzane' , 0, 0),
(16, 'Ricotta di pecora', 0, 1),
(17, 'Olive nere', 0, 0),
(18, 'Gamberi', 0, 0),
(19, 'Spinaci' ,0 , 0),
(20, 'Patate' , 0, 0),
(21, 'Zucchero' ,0 , 0),
(22, 'Cioccolato fondente', 0, 0),
(23, 'Farina di nocciole', 0, 0),
(24, 'Pollo' , 0, 0),
(25, 'Sale fino', 0, 0),
(26, 'Scorza d"arancia' , 0, 0),
(27, 'Pomodorini datterini', 0, 0),
(28, 'Capperi', 0, 0),
(29, 'Aglio' , 0, 0),
(30, 'Carote' , 0 , 0),
(31, 'Cipolle bianche',0 , 0),
(32, 'Semola di grano duro rimacinata', 1, 0),
(33, 'Cipolle', 0, 0),
(34, 'Pangrattato', 1, 0),
(35, 'Peperoncino', 0, 0),
(36, 'Orecchiette', 1, 0),
(37, 'Cipolle rosse' ,0 ,0),
(38, 'Latte', 0, 1),
(39, 'Vino rosso', 0, 0),
(40, 'Mango', 0, 0),
(41, 'Grana padano DOP', 0, 0),
(42, 'Peperoni', 0, 0),
(43, 'Prezzemolo', 0, 0),
(44, 'Patate americane', 0, 0),
(45, 'Vitello', 0, 0),	
(46, 'Lievito di birra secco', 0, 0),
(47, 'Panna fresca liquida', 0, 1),
(48, 'Farina di riso senza glutine', 0, 0),
(49, 'Aperol', 0, 0),
(50, 'Acciughe (alici)', 0, 0),
(51, 'Brodo Vegetale', 0, 0),
(52, 'Tuorli' ,0 , 0),
(53, 'Funghi champignon', 0, 0),
(54, 'Stoccafisso', 0, 0),
(55, 'Zucca', 0, 0),
(56, 'Salsiccia', 0, 0),
(57, 'Lattuga romana', 0, 0),
(58, 'Passata di pomodoro' , 0, 0),
(59, 'Tonno al naturale', 0, 0),
(60, 'Polpo' , 0, 0),
(61, 'Cipolle rosse di Tropea', 0, 0),
(62, 'Ricotta', 0, 1),
(63,'Arachidi' , 0, 0 ),
(64, 'Albumi', 0, 0),
(65, 'Arance', 0, 0),
(66, 'Zucchine', 0, 0),
(67, 'Ceci precotti', 0, 0),
(68, 'Orata', 0, 0),
(69, 'Carne bovina' , 0, 0),
(70, 'Pancetta' , 0, 0),
(71, 'Gorgonzola', 0, 1),
(72, 'Mandorle pelate', 0, 0),
(73, 'Scamorza(provola)', 0, 1),
(74, 'Yogurt', 0, 1),
(75, 'Pesce spada', 0, 0),
(76, 'Sedano', 0, 0),
(77, 'Succo di limone', 0, 0),
(78, 'Olio di semi', 0, 0),
(79, 'Scorza di lime', 0, 0),
(80, 'Lievito in polvere per dolci', 0, 0),
(81, 'Filetto di merluzzo', 0, 0),
(82, 'Prosciutto cotto', 0, 0),
(83, 'Pepe nero', 0, 0),
(84, 'Nocciole intere spellate', 0, 0),
(85, 'Pisellini', 0, 0),
(86, 'Pane di segale', 1, 0),
(87, 'Asparagi', 0, 0),
(88, 'Capperi sotto sale', 0, 0),
(89, 'Vongole', 0, 0),
(90, 'Cavolfiore', 0 , 0),
(91, 'Nutella', 0, 1),
(92, 'Pomodorini ciliegino', 0, 0),
(93, 'Mascarpone', 0, 1),
(94, 'Farina di mais', 0, 0),
(95, 'Uva passa', 0, 0),
(96, 'Pasta sfoglia', 1, 0),
(97, 'Farina manitoba', 1, 0),
(98, 'Limoni', 0, 0),
(99, 'Mandorle in scaglie', 0, 0),
(100, 'Sale grosso', 0, 0),
(101, 'Scalogno', 0, 0 ),
(102, 'Marmellata di arance', 0, 0),
(103, 'Fagioli borlotti', 0, 0),
(104, 'Pancarrè', 1, 0),
(105, 'Porri', 0, 0),
(106, 'Rosmarino', 0, 0),
(107, 'Amido di mais', 0, 0),
(108, 'Finocchi', 0, 0),
(109, 'Vino bianco', 0, 0),
(110, 'Basilico', 0, 0),
(111, 'Pinoli', 0, 0),
(112, 'Aceto di vino bianco', 0, 0),
(113, 'Latte intero', 0, 1),
(114, 'Fettine di vitello', 0, 0),
(115, 'Conchiglioni', 1, 0),
(116, 'Concentrato di pomodoro', 0, 0),
(117, 'Pane', 1, 0),
(118, 'Vino rosso', 0, 0),
(119, 'Olio di semi di girasole', 0, 0),
(120, 'Zucchero a velo', 0, 0),
(121, 'Parmigiano Reggiano DOP', 0, 0),
(122, 'Noce moscata', 0, 0),
(123, 'Pecorino romano', 0, 0),
(124, 'Peperoncino secco', 0, 0),
(125, 'Tranci di salmone', 0, 0),
(126, 'Aceto', 0, 0),
(127, 'Baccello di vaniglia', 0, 0),
(128, 'Frutta fresca', 0, 0),
(129, 'Sciroppo di acero', 0, 0),
(130, 'Timo', 0, 0),
(131, 'Soda', 0, 0),
(132, 'Prosecco', 0, 0),
(133, 'Broccoli', 0, 0),
(134, 'Ghiaccio', 0, 0),
(135, 'Carrè di maiale', 0, 0),
(136, 'Maggiorana', 0, 0),
(137, 'Mele golden', 0, 0),
(138, 'Caffè', 0, 0),
(139, 'Cheddar', 0, 1),
(140, 'Fettine di manzo', 0, 0);

-- --------------------------------------------------------

--
-- Struttura della tabella `intolleranza_alimentare_verso`
--

CREATE TABLE IF NOT EXISTS intolleranza_alimentare_verso (
  id_ingrediente int(11) NOT NULL,
  nickname varchar(60) NOT NULL
) ENGINE=InnoDB DEFAULT CHARSET=utf8 COLLATE=utf8_general_ci;

INSERT INTO intolleranza_alimentare_verso (nickname, id_ingrediente) VALUES
('BiniM_', 20), 
('BiniM_', 9),
('BiniM_', 95),
('Esty77', 138),
('Esty77', 14),
('Michifaraci_', 14),
('Michifaraci_', 20),
('Michifaraci_', 5),
('Michifaraci_', 9),
('Michifaraci_', 74),
('BoniSara22', 74),
('BoniSara22', 9),
('BoniSara22', 38),
('BoniSara22', 16),
('Dibba', 128),
('Dibba', 5),
('Gsmith32', 74),
('Gsmith32', 29),
('Anton66', 2),
('Anton66', 36),
('Anton66', 96),
('Anton66', 117),
('Bea98', 2),
('Bea98', 67),
('Mimmo75', 74);


-- --------------------------------------------------------

--
-- Struttura della tabella `recensione`
--

CREATE TABLE IF NOT EXISTS recensione (
  nickname varchar(60) NOT NULL,
  id_ricetta int(11) NOT NULL,
  descrizione text NOT NULL,
  data date NOT NULL,
  voto_apprezzamento int(11) DEFAULT NULL,
  CONSTRAINT Check_voto_appr CHECK ( voto_apprezzamento >= 1 AND voto_apprezzamento <= 5)
) ENGINE=InnoDB DEFAULT CHARSET=utf8 COLLATE=utf8_general_ci;


INSERT INTO recensione (nickname, id_ricetta, descrizione, data, voto_apprezzamento) VALUES
('andre99_', 1, 'lasagne che si scioglievano in bocca', '2019-04-02', NULL),
('andre99_', 3, 'Stupito positivamente dal gusto', '2019-04-20', NULL),
('andre99_', 10, 'Non era granchè', '2019-07-05', NULL),
('Stamp87_', 1, 'Ho fatto un figurone, buonissime!', '2018-11-11', NULL),
('Stamp87_', 5, 'Solo pochi a tavola hanno colto il sapore della ricetta', '2019-05-04', NULL),
('Peppeross_', 1, 'Perfette!', '2020-05-01', NULL),
('Peppeross_', 2, 'La besciamella più gustosa che ho mangiato', '2020-01-21', NULL),
('Peppeross_' , 8, 'Waffle venuti buonissimi!', '2020-01-19', NULL),
('Peppeross_' , 14, 'Non consiglio questa ricetta assolutamente', '2020-01-22', NULL),
('Peppeross_', 15, 'Soddisfatto del risultato', '2021-04-25', NULL),
('Peppeross_' ,24, 'Non è piaciuta agli invitati', '2019-09-11', NULL),
('Peppeross_' , 4, 'Buonissima', '2022-02-15', NULL),
('Peppeross_', 29, 'Una specialità per le papille gustative', '2019-10-16', NULL), 
('Peppeross_', 17, 'Con ingredienti di qualità farete una bella figura', '2022-06-02', NULL),
('Peppeross_', 11, 'La consiglio', '2022-04-11', NULL), 
('Peppeross_', 32, 'Non consiglio per niente questa ricetta', '2022-07-10', NULL),
('FontanaLk_', 18, 'Che bontà!', '2023-10-04', NULL),
('FontanaLk_', 20, 'Un"Impepata di cozze al giorno toglie il medico di torno, soddisfatto', 2023-12-11, NULL), 
('FontanaLk_', 1, 'Le lasagne sono venute molto gustose', '2022-12-25', NULL),
('FontanaLk_', 3, 'Carbonara una garanzia!', '2022-10-21', NULL),
('FontanaLk_' , 4, 'A mia sorella è piaciuta', '2023-03-09', NULL),
('FontanaLk_' , 11, 'La consiglio assolutamente', '2022-10-28', NULL),
('ScalziLuisa1_', 11, 'Un disastro', '2022-10-28', NULL), 
('ScalziLuisa1_' , 5, 'Ricordarsi di eliminare tutte le lische per bene', '2021-05-21', NULL),
('ScalziLuisa1_' , 7, 'Tutto ok', '2022-09-28', NULL),
('ScalziLuisa1_' , 14, 'A tavola non è piaciuto molto', '2023-03-12', NULL),
('ScalziLuisa1_' , 27, 'Spritz semplice e rinfrescante', '2021-07-01', NULL),
('roby98_' , 27, 'Buonissimo, la consiglio', '2021-08-11', NULL),
('russojhon1_' , 1, 'Le lasagne sono venute ottime', '2022-03-19', NULL),
( 'russojhon1_', 26, 'Tutto ok!', '2022-04-10', NULL),
('Carotinag', 1, 'Si scioglievano in bocca dalla bontà', '2020-07-06', NULL), 
('Carotinag', 10, 'Non è piaciuta molto l"orata', '2023-02-09', NULL),
('Carotinag', 5, 'Soddisfatta!', '2022-10-14', NULL),  
('nameiswalter_', 3, 'Spaghetti alla carbonara gustosissimi', '2023-06-06', NULL),
('BiniM_', 1, 'Le lasagne non erano il massimo', '2016-03-04', NULL),
('BiniM_', 27, 'Consiglio questa ricetta a tutti', '2018-01-04', NULL),
('BiniM_', 15, 'Non consiglio questa ricetta', '2017-05-04', NULL),
('BiniM_', 3, 'Carbonara TOP!', '2019-03-04', NULL),
('BiniM_' , 40, 'Piaciuta a tutti, la consiglio.', '2018-02-04', NULL),
('BiniM_' , 17, 'Non l"hanno apprezzata', '2017-01-05', NULL),  
('RussoSaretta9', 7, 'Che bontà!', '2017-08-13', NULL),
('Francis7' , 1, 'Le consiglio per fare un figurone nelle feste', '2023-09-07', NULL),
('Francis7' , 26, 'Tutti felici dopo pranzo', '2022-09-05', NULL),
('Francis7' , 27, 'Ho adorato il risultato finale, buonissimo', '2023-03-05', NULL),
('Francis7' , 3, 'Consiglio molto questa ricetta', '2022-08-10', NULL),
('Francis7' , 7, 'Non a tutti a cena l"hanno apprezzata', '2017-04-11', NULL), 
('Francis7', 10, 'Non la consiglio assolutamente!', '2022-11-05', NULL),
('Francis7' , 30, 'Questa ricetta mi ha fatto fare un successone con tutti', '2023-04-18', 4),
('Francis7' , 20, 'Non mi è piaciuta', '2023-06-22', NULL),
('Luigi72' , 1, 'Che delizia!', '2023-04-20', NULL),
('Luigi72' , 27, 'Spritz da gustare assieme agli amici', '2023-08-26', NULL),  
('Luigi72' , 20, 'È piaciuta moltissimo', '2022-10-19', NULL),
('Luigi72', 14, 'Non la consiglio', '2023-01-10', NULL),
('Luigi72', 7, 'Non la consiglio affatto', '2023-05-22', NULL), 
('Luigi72', 3, 'Da provare anche con lo speck', '2023-10-21', NULL),
('Hu65' , 2, 'Besciamella favolosa', '2023-02-22', NULL),
('Vezz66', 1, 'Lasagne top!', '2023-12-10', NULL),
('Vezz66', 27, 'Spritz ottimo per resistere nelle giornate calde con un poco di allegria', '2023-11-21', NULL), 
('Vezz66', 17, 'È stata impegnativa ma soddisfacente', '2023-09-01', NULL),
('Villari94', 18, 'Ho apprezzato molto l"accostamento degli ingredienti', '2023-05-06', NULL),
('Lorif_', 1, 'La consiglio!', '2023-05-28', NULL),
('Lorif_' , 3, 'Perfetta per stupire i familiari', '2022-12-29', NULL),
('Lorif_' , 11, 'Una delizia!', '2023-08-26', NULL), 
('Reilly1_',1, 'Lasagne superbuone, le consiglio!', '2017-04-09', NULL),
('Reilly1_', 27, 'Ci voleva questa ricetta sullo spritz per migliorare il mio umore! Consigliata.', '2018-08-20', NULL), 
('RiceDev' , 1, 'Lasagne buonissima, approvate', '2023-03-06', NULL), 
('RiceDev' , 15, 'Questa ricetta è molto utile.', '2021-06-21', NULL),
('Amely77_' , 11, 'Consiglio molto questa ricetta', '2019-06-09', NULL),
('Amely77_' , 1, 'Dopo aver lavorato un giorno per fare le lasagne sono rimasti tutti incantati dal sapore, le consiglio', '2020-05-01', NULL),
('Amely77_' , 27, 'Rinfrescante, consigliatissimo!', '2020-02-14', NULL),
('Amely77_' , 26, 'Inaspettatamente buone, non le avevo mai provate e adesso non posso vivere senza!', '2021-05-02', NULL),
('Amely77_' , 14, 'Non consiglio questa ricetta', '2020-05-03', NULL),
('Amely77_' , 15, 'Baccalà superbuono! Ricetta ottima', '2021-12-08', NULL),
('Amely77_', 29, 'Ricetta super gustosa che ho apprezzato molto!', '2021-11-03', NULL),
('Amely77_', 5, 'Il salmone al forno è venuto molto bene grazie alla documentazione molto dettagliata della ricetta, la approvo!', '2021-05-05', NULL), 
('Amely77_' ,4, 'Non la consiglio assolutamente, occhio alle dosi', '2020-03-10', NULL),
('Amely77_' ,8, 'Ho reso felici i miei nipoti grazie a questa ricetta buonissima', '2023-11-06', NULL),
('Amely77_' ,7, 'Ricetta molto rinfrescante! La consiglio molto.', '2022-07-12', NULL),
('Amely77_' , 18, 'Ricetta non per chi è alle prime armi in cucina', '2023-11-10', NULL), 
('Amely77_' , 20, 'Questa ricetta è molto utile, la consiglio!', '2022-08-02', NULL),
('Amely77_' , 24, 'Ho apprezzato molto questa ricetta, la consiglio molto!', '2021-12-08', NULL),
('Amely77_' ,32, 'Ricetta super gustosa', '2021-04-27', NULL),
('Ida_cristante78', 1, 'Ricetta cult buonissima, la consiglio vivamente', '2023-12-03', NULL),
('Joan8', 27, 'Tutto ok', '2023-05-25', NULL),
('Joan8', 20, 'Poteva andare meglio... Non consiglio questa ricetta', '2023-11-04', NULL), 
('Mitch87', 1, 'Ricetta perfetta in tutti i particolari', '2022-12-08', NULL),
('Saratedeschi1_', 4, 'La consiglio molto a chi, come me, è alle prime armi', '2023-12-08', NULL),
('Saratedeschi1_', 7, 'Ho adorato questa ricetta sull"insalata', '2023-12-22', NULL),
('Saratedeschi1_', 5, 'Tutti a tavola si sono leccati i baffi', '2020-09-30', NULL),
('Michifaraci_', 10, 'Consigliata', '2023-06-07', NULL),
('Michifaraci_', 27, 'Ricetta sullo spritz migliore di sempre', '2023-12-22', NULL),
('Bea98', 27, 'Buonissima, la consiglio tanto', '2020-12-12', NULL),
('Matthewgu95', 3, 'Finalmente grazie a questa ricetta ho imparato a cucinare gli spaghetti alla carbonara','2023-12-15', NULL),
('Matthewgu95', 1, 'Utilissima, la consiglio molto', '2022-12-23', NULL),
('Matthewgu95', 8, 'Era la ricetta sui waffle che stavo cercando da tempo, la consiglio', '2021-12-02', NULL),
('Matthewgu95', 5, 'Non ho apprezzato molto questa ricetta', '2022-07-05', NULL),
('Esty77', 27, 'Ottimo, nient"altro da aggiungere', '2020-02-24', NULL), 
('Pier98_', 1, 'Come me le immaginavo: buonissime!', '2023-09-10', NULL),
('Pier98_', 3, 'Ne è venuta fuori una spaghettata favolosa', '2017-12-05', NULL),
('Pier98_', 15, 'Tutto bene!', '2021-04-16', NULL),
('Pier98_', 20, 'Ricetta buonissima, la consiglierei sempre', '2023-05-04', NULL),
('serpeverde32', 7, 'Buonissima!', '2018-10-11', NULL),
('serpeverde32', 27, 'Ricetta ottima', '2020-08-12', NULL),
('Sebycass4', 17, 'Wow! Tutti a tavola l"hanno apprezzata', '2020-11-13', NULL),
('Sebycass4' , 5, 'Non la consiglierei nemmeno al mio peggior nemico!', '2021-03-06', NULL),
('Sebycass4', 18, 'La consiglio', '2023-10-14', NULL),
('Sebycass4' , 26, 'Facile e buona', '2022-03-07', NULL), 
('Sebycass4' , 27, 'Molto semplice da eseguire', '2021-09-10', NULL),
('DentiLuke' , 17, 'A tavola sono rimasti tutti molto soddisfatti e a pancia piena', '2018-02-22', NULL),
('DentiLuke' , 3, 'Carbonara immensamente buona, la consiglio.', '2019-10-15', NULL),
('DentiLuke', 4, 'Tutto ok!', '2023-03-27', NULL), 
('DentiLuke', 7, 'Ricetta gustosissima e soprattutto rinfrescante!', '2023-11-06', NULL),
('Mars2', 11, 'Questa ricetta mi ha deluso molto!', '2022-12-28', NULL), 
('Marty88', 7, 'Consiglio questa ricetta a tutti', '2023-10-03', NULL),
('GianluMeneguzzi88', 18, 'Non consiglio per niente questa ricetta!', '2023-01-31', NULL),
('GianluMeneguzzi88', 34, 'Involtini siciliani super buoni! Ricetta ottima!', '2019-20-08', 5),
('Patsmith3', 20, 'Super ricetta per zittire tutti, consigliata!', '2023-05-11', NULL),
('Patsmith3', 7, 'Ricetta molto consigliata da provare', '2023-07-14', NULL),
('RossiMarko1', 14, 'Semplici e veloci da fare. Ricetta davvero consigliatissima!', '2022-12-07', NULL), 
('Salsa_is_luigi_', 5, 'Ottima ricetta ma attenzione con le dosi!', '2021-08-09', NULL);

-- --------------------------------------------------------

--
-- Struttura della tabella `ricetta`
--

CREATE TABLE IF NOT EXISTS ricetta (
  id_ricetta int(11) NOT NULL,
  titolo varchar(200) NOT NULL,
  numero_recensioni int(11) DEFAULT 0,
  gourmet tinyint(1) NOT NULL,
  id_categoria int(11) NOT NULL,
  media_apprezzamento float DEFAULT NULL,
  senza_glutine char(1) NOT NULL CHECK (senza_glutine IN ('F','T')),
  senza_lattosio char(1) NOT NULL CHECK (senza_lattosio IN ('F','T')),
  data_pubblicazione date NOT NULL,
  nickname varchar(60) NOT NULL,
  dosi_per smallint(11) NOT NULL,
  preparazione text NOT NULL
) ENGINE=InnoDB DEFAULT CHARSET=utf8 COLLATE=utf8_general_ci;

--
-- Dump dei dati per la tabella 'ricetta'
--
INSERT INTO ricetta (id_ricetta, titolo, numero_recensioni, gourmet, id_categoria, 
			media_apprezzamento, senza_glutine, senza_lattosio, data_pubblicazione, nickname, dosi_per, preparazione) VALUES
( 1, 'Lasagne alla Bolognese' , 18 , 1 , 2 , NULL ,'F','F' ,'2019-01-13', 'name_is_anna' , 8, 'Per preparare le lasagne alla bolognese, iniziate dal ragù. Preparate il brodo vegetale che dovrete tenere in caldo. Poi prendete la pancetta, tagliatela prima a striscioline Con un coltello o una mezzaluna sminuzzatela per bene A parte preparate un trito fine con carote, cipolle, sedano e tenetelo da parte In una casseruola versate un filo d"olio e la pancetta. Sgranatela bene con un mestolo Aggiungete poi la carne macinata Mescolate e alzate la fiamma. Lasciate rosolare la carne senza fretta, dovrà essere ben rosolata per sigillare i succhi e risultare morbida non stopposa.Sfumate con il vino rosso poi aspettate che sia completamente evaporato e aggiungete la passata di pomodoro Mescolate, il ragù deve cuocere due ore. Quando ha ripreso il bollore potete aggiungete poco brodo caldo, uno o due mestoli Poi fate andare il ragù per un paio d"ore almeno.Dovrete cuocere con il coperchio, senza chiudere del tutto Controllate e mescolate di tanto in tanto, al bisogno aggiungete altro brodo e lasciate cuocere per il tempo indicato. Passate adesso alla pasta. Come prima cosa versate gli spinaci in un tegame aggiungete poca acqua, coprite con un coperchio e lasciate cuocere fino a che non saranno appassiti, in totale ci vorranno 5-6 minuti A questo punto scolateli, lasciateli intiepidire e strizzateli bene Trasferiteli in un mixer e frullateli fino ad ottenere una purea Dovrete ricavarne 100 g. Adesso su una spianatoia versate la semola e la farina 00 aggiungete gli spinaci e create una forma a fontana. Unite le uova leggermente sbattute e i tuorli, sempre sbattuti Iniziate ad impastare il tutto partendo dal centro in questo modo le uova non scivoleranno fuori dalla fontana. Impastate bene fino ad ottenere un panetto omogeneo Avvolgetelo nella pellicola senza farlo bollire. In un altro tegame versate il burro Aggiungete la farina in una volta sola Versate quindi il latte caldo in 3 volte mescolando bene. Aggiungete il sale e aromatizzate con la noce moscata Continuate a mescolare fino ad ottenere una besciamella cremosa Trasferite in una ciotolina, coprite con pellicola a contatto e tenete da parte. Non appena saranno trascorsi i 30 minuti riprendete il panetto di pasta e prelevatene un pezzo Coprite la pasta restante con la pellicola per non farla seccare.Aiutandovi con un po" di semola appiattitelo leggermente sulla spianatoia in modo da formare un rettangolo e stendete la pasta nella macchina. Iniziate da uno spessore più largo, poi ripiegate la passa su se stessa e ripassatela. Quando sentite che è troppo umida spolverizzate con un po" di semola. Riducete man mano lo spessore fino ad ottenere una sfoglia spessa poco più di mezzo mm. Trasferitela su una spianatoia e tagliate dei rettangoli grandi 30x20 cm Proseguite in questo modo fino a terminare l"impasto e nel frattempo mettete sul fuoco una pentola colma d" acqua e salatela. Quando inizierà a bollire mmergete una sfoglia alla volta aspettate 30-40 secondi e aiutandovi con una schiumarola scolatela Trasferitela su un vassoio con un canovaccio Prendete una teglia da lasagna grande 30x20 cm e imburrate il fondo Aggiungete uno strato sottile di besciamella e uno di ragù Posizionate quindi la prima sfoglia aggiungete uno strato di besciamella e uno di ragù Aggiungete il parmigiano grattugiato Aggiungete ancora uno strato di besciamella e uno di ragù unite il formaggio grattugiato in modo da coprire interamente la pasta Spolverizzate con il formaggio grattugiato, aggiungete dei ciuffetti di burro'),
( 2, 'Besciamella', 2, 0, 7, NULL, 'F', 'F', '2018-01-04', 'name_is_anna', 4, 'Per preparare la besciamella per prima cosa versate il latte in un pentolino aggiungete la noce moscata poi fatelo scaldare.Mettete il burro in un altro pentolino Mescolate vigorosamente con una frusta a mano per evitare la formazione di grumi Continuate a mescolare fino ad ottenere un composto dorato, il roux A questo punto stemperate il roux versando prima poco latte caldo e poi tutto il resto Continuate a mescolare a fuoco dolce fino a raggiungere la consistenza desiderata'),
( 3, 'Spaghetti alla Carbonara', 10, 1, 2, NULL, 'F' , 'F', '2017-05-02', 'Ivannn93', 4, 'Per preparare gli spaghetti alla carbonara cominciate mettendo sul fuoco una pentola con l’acqua salata per cuocere la pasta. Nel frattempo eliminate la cotenna dal guanciale La cotenna avanzata potrà essere riutilizzata per insaporire altre preparazioni. Versate i pezzetti in una padella antiaderente Nel frattempo tuffate gli spaghetti nell’acqua bollente aggiungete anche la maggior parte del Pecorino previsto dalla ricetta Insaporite con il pepe nero amalgamate tutto con una frusta a mano Aggiungete un cucchiaio di acqua di cottura per diluire il composto e mescolate Intanto il guanciale sarà giunto a cottura, spegnete il fuoco e tenetelo da parte Scolate la pasta al dente direttamente nel tegame con il guanciale Per renderla ben cremosa, al bisogno, potete aggiungere poca acqua di cottura della pasta Servite subito gli spaghetti alla carbonara insaporendoli con il Pecorino avanzato'), 
( 4, 'Spaghetti alla puttanesca', 5, 0, 2, NULL, 'F', 'T', '2019-03-16', 'Luke21', 4, 'Per realizzare la puttanesca per prima cosa sciacquate sotto i capperi l’acqua corrente per eliminare il sale in eccesso poi asciugali e tritali grossolanamente al coltello Prendete le olive di gaeta denocciolate e schiacciatele con la lama del coltello Lavate, asciugate e tritate il prezzemolo Mettete sul fuoco una pentola colma di acqua da salare a bollore per cuocere la pasta. In una padella ampia versate l’olio, gli spicchi d’aglio sbucciati interi, il peperoncino secco tritato Unite anche i capperi dissalati Rosolate a fuoco medio per 5 minuti mescolando spesso, così le acciughe si scioglieranno e si sprigioneranno tutti gli aromi. A questo punto versate i pelati leggermente schiacciati mescolate con un cucchiaio e cuocete per altri 10 minuti a fuoco medio. Intanto cuocete gli spaghetti al dente Quando il sugo sarà pronto, rimuovete gli spicchi d’aglio Aromatizzate il sugo con il prezzemolo fresco tritato Quando la pasta sarà al dente, scolatela direttamente in padella Gli spaghetti alla puttanesca sono pronti da servire ben caldi'),
( 5, 'Salmone al forno', 8, 0, 4, NULL, 'T', 'T', '2017-11-05', 'name_is_anna', 4, 'Per cucinare il filetto di salmone al forno, per prima cosa eliminate le lische del pesce con una pinzetta poi arrotolate un’estremità su se stessa e avvolgete l’altra estremità intorno al trancio in modo da ottenere un medaglione Legate il medaglione con uno spago da cucina per far sì che mantenga la forma anche in cottura Ora occupatevi dell’emulsione: grattugiate la scorza di un limone in una ciotola poi unite 25 g di succo di limone l’olio il vino bianco il prezzemolo tritato sale e pepe Condite i medaglioni di salmone con parte dell’emulsione poi copriteli con i dischetti di patate leggermente sovrapposti Quando i medaglioni saranno pronti cuocete in forno statico preriscaldato a 180° per circa 20 minuti, dopodiché azionate il grill a 240° e proseguite la cottura per altri 3-4 minuti, finché le patate non saranno dorate. Trascorso il tempo di cottura rimuovete lo spago da cucina e servite subito il vostro delizioso salmone al forno con patate'),
( 6, 'Polpette di zucca', 0, 0, 5, NULL, 'F', 'F', '2021-10-07', 'nameiswalter_', 4, 'Per preparare le polpette di zucca, per prima cosa occupatevi della zucca (noi abbiamo usato la varietà violina, ma andranno bene anche le altre qualità, come la delica): dividetela a metà Dovrete ottenere 500 g di polpa di zucca. Sistemate le fette di zucca su una leccarda foderata con carta forno, condite con un filo d’olio Nel frattempo, tritate finemente le foglie di salvia Quando la zucca sarà cotta sfornatela e trasferitela in una ciotola.Schiacciate la zucca con la forchetta poi aggiungete il pangrattato Unite anche l’uovo Impastate il composto con le mani per amalgamare bene tutti gli ingredienti, poi pepate a piacere Col composto ottenuto formate delle palline di circa 40 g l’una, inserendo al centro qualche cubetto di scamorza affumicata Richiudete la polpetta in modo da sigillare il formaggio all’interno e lavoratela con le mani per darle una forma tonda Proseguite allo stesso modo con tutte le altre, ne otterrete circa 16 con queste dosi. A questo punto portate l’olio per la frittura a una temperatura di 170° (è preferibile misurare con un termometro da cucina) e passate ogni polpetta nel pangrattato Immergetele nell’olio a temperatura per un paio di minuti, affinché il formaggio all’interno si sciolga Ricordatevi di friggere poche polpette per volta per evitare che la temperatura dell’olio si abbassi eccessivamente. Quando saranno ben dorate, scolatele su un foglio di carta assorbente per eliminare l’olio in eccesso Le vostre polpette di zucca sono pronte per essere servite ancora calde e filanti'),
( 7, 'Insalata di finocchi e arance', 10, 0, 8, NULL, 'T', 'T', '2018-05-03', 'Gsmith32', 6, 'Per preparare l’insalata di finocchi e arance iniziate spremendo il succo di 1 arancia Tagliatela a fettine molto sottili Privatelo anche della base e delle foglie esterne più dure e legnose. Poi tagliatene il cuore alla julienne molto sottile aiutandovi con una mandolina Trasferitelo in una ciotola con acqua acidulata per preservarne il colore fino al momento dell’utilizzo Ora versate i pinoli in una padella antiaderente Nel frattempo l’uvetta sarà rinvenuta: scolatela unendo l’aceto Aggiungete anche l’olio Dovrete ottenere un’emulsione omogenea A questo punto avrete pronti tutti gli ingredienti per comporre la vostra insalata: scolate i finocchi Aggiungete le arance insaporendo con l’emulsione che avete ottenuto Date una nota croccante versando i semi di zucca La vostra insalata di finocchi e arance è ora pronta per essere portata in tavola'),
( 8, 'Waffle', 3, 0, 1, NULL, 'F', 'F', '2019-04-06', 'Ivannn93', 4, 'Per preparare i waffle, per prima cosa sciogliete il burro al microonde o a bagnomaria e lasciatelo raffreddare. Nel frattempo rompete le uova a temperatura ambiente in una ciotola aggiungete il sale Una volta intiepidito, versate il burro fuso nella ciotola poco alla volta, in modo da incorporarlo gradualmente con la frusta A questo punto dividete il baccello di vaniglia a metà per il lungo ed estraete i semini con la lama di un coltello poi aggiungeteli al composto Coprite la ciotola con la pellicola e lasciate riposare l’impasto in frigorifero per almeno un’ora.Trascorso il tempo di riposo, lasciate tornare l’impasto a temperatura ambiente e nel frattempo riscaldate la piastra per waffle per farla arrivare a temperatura. Quando la piastra sarà ben calda, spennellatela con un po’ di burro fuso e versate un mestolo scarso di impasto all’interno dello stampo a forma di nido d’ape Chiudete la piastra Quando i waffle avranno assunto un bel colore dorato, aprite il coperchio, staccateli delicatamente dalla piastra Guarnite i vostri deliziosi waffle a piacere con sciroppo d’acero, frutta fresca e una pioggia di zucchero a velo'),
( 9, 'Orata al forno', 0, 0, 4, NULL, 'T','T', '2022-05-25', 'Patri_verdi1', 2, 'Per preparare l’orata al forno si parte dalla pulizia dell’orata: con una forbice tagliate le pinne poi desquamatela sotto l’acqua corrente utilizzando il dorso di coltello o, se l’avete, con l’apposito attrezzo per desquamare il pesce A questo punto levate le interiora Riempite la cavità con i rametti di rosmarino i rametti di timo i due spicchi d"aglio scamiciati, salate e pepate poi tagliatele a fettine molto sottili con una mandolina Mettete le patate in una ciotola e condite con olio Aggiungete anche i fiocchi di sale lasciando un pò di spazio al centro e cercando di non sovrapporle eccessivamente in modo che diventino ben croccanti durante la cottura. Adagiate l"orata al centro della teglia, accanto alle patate Aggiungete un ultimo filo d’olio'),
( 10, 'Pollo alle mandorle', 4, 1, 3, NULL, 'F', 'F', '2020-07-01', 'Johnny11', 4, 'Per preparare il pollo alle mandorle, per prima cosa tagliate i germogli di bambù a cubetti abbastanza piccoli Riducete a cubetti anche il petto di pollo, avendo cura che siano della stessa dimensione del bambù Ora mettete il pollo in un colino e sciacquatelo con un po’ di acqua: in questo modo risulterà più morbido Trasferite il pollo in una ciotola e aggiungete mezzo albume sale, pepe bianco Unite anche l’acqua e la fecola di patate Nel frattempo scaldate abbondante olio di semi in un wok avendo cura che arrivi a una temperatura di 180° altrimenti le mandorle rischieranno di bruciarsi. Tuffate le mandorle nell’olio bollente Portate a bollore una pentola di acqua e sbollentate il pollo per 2 minuti poi scolate e tenete da parte Cambiate l’acqua e portatela nuovamente a bollore, poi versate i germogli di bambù Cuocete il bambù per 5 minuti a fuoco medio, con il coperchio poi scolate e tenete da parte A questo punto potete assemblare tutti gli ingredienti: scaldate il wok che avrete precedentemente pulito, poi aggiungete l’olio di semi e il pollo Unite anche il bambù poi versate l’acqua, continuando sempre a girare Aggiungete il sale la salsa di soia scura e quella chiara Continuate a mescolare e, quando il colore sarà diventato omogeneo, unite anche le mandorle Amalgamate il tutto e spegnete il fuoco.In una ciotolina a parte sciogliete la fecola in una piccola quantità di acqua. Rimettete il wok sul fuoco medio e aggiungete il composto con la fecola'),
( 11, 'Caponata', 6, 0, 9, NULL, 'T', 'T', '2016-09-04', 'RussoSaretta9', 6, 'Per realizzare la caponata per prima cosa mondate la cipolla e affettatela finemente Spuntate il sedano e tagliatelo a rondelle Dividete a metà le olive verdi ed eliminate il nocciolo interno Lavate e asciugate le melanzane, spuntatele e poi tagliatele a pezzetti di circa 2,5 cm Fate lo stesso con i pomodori Scaldate una padella e tostate qui i pinoli per pochi minuti finché non saranno dorati Ora riprendete le vostre melanzane: ponete l’olio di oliva in un tegame dal bordo alto e scaldatelo, versate quindi poche melanzane per volta e friggetele per qualche minuto Una volta che saranno dorate, scolate con la schiumarola e adagiatele su un vassoio rivestito con carta assorbente per eliminare l’olio in eccesso poi tenete da parte.In un tegame ampio versate un generoso giro di olio di oliva, scaldatelo e poi versate la cipolla Soffriggete per bene finché la cipolla non sarà appassita, quindi aggiungete il sedano le olive i pinoli tostati Fate rosolare qualche istante, poi coprite con il coperchio Mescolate per bene con un cucchiaino Mescolate, alzate la fiamma e rimestate fino a quando non sarà evaporato il sentore di aceto. Spegnete la fiamma, aggiungete le melanzane fritte e profumate con abbondante basilico Mescolate per bene il tutto trasferite la caponata in una pirofila e riponete in frigo poiché la particolarità della caponata è che va servita fredda oppure a temperatura ambiente: il giorno dopo sarà ancora più buona'),
( 12, 'Salame di cioccolato senza uova', 0, 0, 1, NULL, 'F', 'F', '2018-12-08', 'Ryan87_', 10, 'Per preparare il salame al cioccolato senza uova iniziate a tritare il cioccolato (dovrà essere un tipo di cioccolato fondente non superiore al 70%) Poi sistematelo in una bastardella facendo in modo che l"acqua del pentolino non tocchi il fondo della bastardella in cui avrete versato il cioccolato; mescolando spesso scioglietelo a bagnomaria Lasciatelo intiepidire.Nel frattempo in una ciotola lavorate con uno sbattitore elettrico il burro morbido insieme allo zucchero a velo Una volta ottenuto un composto a pomata, continuando a sbattere versate il Grand Marnier a filo Versate anche il cioccolato ormai tiepido fino ad ottenere un impasto omogeneo. A questo punto rompete i biscotti grossolanamente con le mani e uniteli al composto di burro e cioccolato Trasferite il composto al centro di un foglio di carta forno per formare il vostro salame di cioccolato senza uova: alzate i lembi della carta uniteli e, piegandoli su loro stessi, arrotolateli verso il composto fino a sigillare il salame. Schiacciate portando le mani dall"interno verso l"esterno delicatamente per dare la classica forma a salame. Chiudete a mò di caramella, sigillando gli estremi e rotolatelo nello zucchero a velo disposto su un vassoio Poi affettatelo'),
( 13, 'Minestrone di verdure', 0, 0, 2, NULL, 'T', 'T', '2022-05-23', 'Patri_verdi1', 8, 'Per preparare il minestrone di verdure iniziate lavando e asciugando le verdure. Quindi prendete la zucca e privatela della buccia esterna con un coltello dalla lama grande Eliminate i semi ed i filamenti interni, aiutandovi con un cucchiaio Quindi tagliatela a fettine di uguale spessore e poi a cubetti di circa 1 cm di lato Lavate e spuntate le zucchine, tagliatele a fettine Quindi sgranate i fagioli prendete poi il cavolfiore, tagliatelo a metà, eliminate il torsolo centrale e ricavatene le cimette Prendete le patate e sbucciatele tagliatele a fette non troppo sottili,poi da queste ultime ricavatene dei dadini Procedete con i pomodori: eliminate il picciolo e tagliateli a fettine oi riducete anche i pomodori a cubetti Infine preparate gli ingredienti per il soffritto: tritate finemente la cipolla Spuntate e pelate le carote, quindi ricavatene delle listarelle poi tritatele a coltello Tritate finemente anche il sedano Per finire legate con uno spago i rametti di rosmarino con le foglie di alloro per creare un mazzetto aromatico Ora tutti gli ingredienti per preparare il minestrone di verdure sono pronti. In una pentola capiente munita di coperchio versate l’olio le carote, il sedano, la cipolla e il porro Coprite con acqua: dovrà coprire di un dito le verdure Attendete la presa del bollore e fate cuocere 2 minuti. Unite la zucca aspettate la ripresa del bollore e fate cuocere 2 minuti.Stessa cosa con le patate (25-26) e a seguire con il cavolfiore Coprite con altra acqua mettete il coperchio  piselli aggiungete acqua se occorre, regolate di sale e pepe Rimuovete il rametto odoroso Il minestrone è pronto servitelo con un filo d’olio e una macinata di pepe a piacere'),
( 14, 'Rotolini di zucchina in sfoglia', 5, 1, 5, NULL, 'F', 'T', '2019-04-07', 'Danis91_', 6, 'Per preparare i rotolini di zucchine in sfoglia, lavate le zucchine e togliete il picciolo Quindi dividetele a metà e affettatele molto sottili Prendete il rotolo rettangolare di sfoglia e ricavate delle strisce di circa 5 cm di spessore con un tagliapasta a lama liscia poi adagiate anche le fettine di scamorza facendo in modo che rimangano entro i bordi della sfoglia, salate e pepate a piacere Arrotolate ciascuna sfoglia su se stessa Una volta pronte tutte le roselline'),
( 15, 'Baccalà mantecato alla veneziana', 5, 1, 5, NULL, 'T', 'T', '2017-12-12', 'Danis91_', 4, 'Per preparare il baccalà mantecato alla veneziana, per prima cosa assicuratevi di acquistare uno stoccafisso già ammollato oppure, in alternativa, tenetelo in ammollo per 3 giorni in una ciotola cambiando l’acqua una volta al giorno. A questo punto eliminate la pelle dallo stoccafisso Riempite una pentola con l’acqua fredda, poi aggiungete lo spicchio di aglio in camicia, 1-2 foglie di alloro Immergete lo stoccafisso nell’acqua, portate a bollore e fatelo bollire per circa 30 minuti a fuoco dolce eliminando con una schiumarola la schiuma che si formerà in superficie Il tempo di cottura potrebbe variare a seconda del pezzo di stoccafisso, per cui verificate che sia ben cotto. Trascorso questo tempo scolate lo stoccafisso, avendo cura di conservare l’acqua di cottura Trasferite lo stoccafisso in una ciotola per controllare che non ci siano lische e lasciatelo intiepidire dopodiché versatelo nella ciotola di una planetaria munita di frusta o di foglia. Azionate la planetaria a bassa velocità e aggiungete l’olio a filo Quando l’olio sarà stato incorporato, versate a filo anche 100 g di acqua di cottura Regolate di sale e di pepe, guarnite con prezzemolo e un filo di olio e servite il vostro baccalà mantecato accompagnato con crostini di polenta grigliata'),
( 16, 'Scaloppine ai funghi', 0, 0, 4, NULL, 'F', 'F', '2022-10-05', 'Gsmith32', 4, 'Per realizzare le scaloppine con i funghi tagliate a fette la noce di vitello poi con il batticarne affettatele per renderle più sottili infarinate le fettine di vitello da entrambi i lati Ora occupatevi della Se il fungo è abbastanza pulito, eliminate i pochi residui di terra con un pennello Ora procedete con la cottura della carne: in una padella sciogliete metà dose di burro (25 gr) aggiungendo anche l’olio di oliva Una volta ben dorate lasciatele intiepidire su un piatto Unite a questo punto le fettine di vitello rosolate e tenute da parte fate insaporire a fuoco basso per un minuto, aggiungendo un mestolo di acqua se necessario, e servite le scaloppine con i funghi ben calde'),
( 17, 'Zuppa di pesce', 5, 1, 2, NULL, 'T', 'T', '2018-08-05', 'ChefVanni_', 6, 'Per realizzare la zuppa di pesce iniziate a pulire le gallinelle: dopo averle eviscerate e sciacquate, incidete il dorso all"altezza della lisca centrale quindi estraete le lische più piccole con l"apposita pinza da cucina tenete il filetto adagiato sul tagliare e strofinatelo con i polpastrelli per individuare le lische. Conservate gli scarti che serviranno per il brodo.Occupatevi ora delle triglie: dopo averle eviscerate e sciacquate, staccate la testa e la coda incidete il dorso e ricavate due filetti eliminando la lisca centrale Tenete sempre da parte gli scarti.Pulite i gamberi: staccate la testa e la coda, eliminate il carapace aiutandovi con uno stuzzicadenti. Ora lavate la verdure per il brodo di pesce e tagliatele a tocchetti In un tegame versate le verdure il prezzemolo, gli scarti della pulizia dei pesci Coprite con l"acqua accendete il fuoco e cuocete per due ore dal bollore. Durante la cottura eliminate la schiuma che si formerà in superficie con una schiumarola Intanto pulite le cozze: assicuratevi che siano tutte chiuse, quelle rotte o aperte andranno scartate. Eliminate eventuali denti di cane sul guscio con un coltellino, staccate la barbetta e, infine, grattate via le impurità con una paglietta pulita Ora sciacquatele accuratamente In un tegame scaldate un filo d"olio con uno spicchio d"aglio scamiciato Versate le cozze Le cozze dovranno risultare tutte aperte Scolatele attraverso un colino per raccogliere la loro acqua di cottura Quindi sgusciatele avendo cura di tenere da parte qualche cozza con il guscio per la guarnizione dei piatti.Ora tagliate a striscioline le seppie In una pentola ampia scaldate un giro d"olio con due spicchi d"aglio scamiciati, versate le seppie e rosolatele a fuoco vivace per 3-4 minuti Sfumate con il vino bianco e lasciate evaporare Versate la passata di pomodoro Coprite con il coperchio e cuocete per 25 minuti Intanto il brodo di pesce sarà pronto filtratelo attraverso un colino Eliminate gli spicchi d"aglio dalla zuppa aggiungete i tranci di rana pescatrice Cuocete a fuoco basso per 10 minuti.A questo punto unite anche i filetti di gallinella proseguite la cottura per altri 5 minuti, roteando il tegame così da non sfaldare il pesce. Per finire versate i gamberi e le cozze sgusciate alate e pepate solo ora, lasciate insaporire ancora un minuto, poi spegnete il fuoco, unite le cozze con il guscio, il prezzemolo tritato'),
( 18, 'Conchiglioni ripieni di funghi, prosciutto e besciamella', 5, 1, 2, NULL, 'F', 'F', '2017-07-26', 'ChefVanni_', 4, 'Per prima cosa mondate i funghi e sminuzzateli (a cubetti di 1 cm di lato) utilizzando un coltello fate la stessa cosa con le zucchine In un tegame ampio tritare finemente gli spicchi d’aglio e farlo soffriggere senza farlo bruciare in 8 cucchiai d’olio, aggiungere gli champignons puliti e tagliati  e fateli cuocere a fuoco vivo Al termine della cottura aggiungete il prezzemolo tritato e salate Nel frattempo preparate la besciamella con le dosi indicate in questa In un altro tegame fate saltare i cubetti di prosciutto con le zucchine tagliate a pezzettini e due cucchiai di olio, fino a che le zucchine non si saranno intenerite In un frullatore mettete i funghi (tranne 3-4 cucchiai che terrete da parte), le zucchine, il prosciutto, metà besciamella, 50 g di Grana Padano e 50 g di pecorino grattugiati; frullate alla minima velocità per pochissimi istanti,in modo da ottenere un composto dove i pezzi di funghi o zucchine rimangano visibili ma non eccessivamente grossi (tipo ragù) Nel frattempo lessate i conchiglioni scolateli quando saranno molto al dente e metteteli sotto un getto di acqua fredda per fermare la cottura, poi versatevi sopra un filo di olio e mescolateli per far si che non si attacchino fra loro. Riempite i conchiglioni con il composto ottenuto, aiutandovi con un cucchiaio e adagiateli uno vicino all’altro in una teglia oliata poi spolverizzateli con il restante Grana Padano grattugiato e poneteli in forno sotto il grill qualche minuto, giusto il tempo di ottenere una bella crosticina dorata (10 minuti circa). Servite i conchiglioni ripieni immediatamente'),
( 19, 'Polpette al forno', 0, 0, 4, NULL, 'F', 'F', '2018-04-02', 'ChefVanni_', 6, 'Per preparare le polpette al forno iniziate ponendo in una ciotola capiente la carne di manzo macinata e la salsiccia a pezzetti aggiungete quindi la mollica di pane raffermo tritata finemente i due formaggi grattugiati e il prezzemolo e l"aglio  tritati In ultimo aggiungete le uova aggiustate di sale e pepate a piacere. Mescolate bene il composto con un cucchiaio di legno affinchè tutti gli ingredienti siano ben amalgamati.Coprite con la pellicola trasparente e lasciate riposare in frigorifero per almeno mezz’ora Trascorso questo tempo formate con le mani delle polpette leggermente schiacciate della dimensione che preferite Oliate leggermente una pirofila da forno e posatevi le polpette. Aggiungete un filo d’olio'),
( 20, 'Impepata di cozze', 7, 0, 5, NULL, 'T', 'T', '2022-05-23', 'Silvia56_', 4, 'Per preparare l’impepata di cozze cominciate dalla Assicuratevi innanzitutto che siano tutte chiuse: quelle rotte o aperte andranno scartate. Quindi eliminate i denti di cane con un coltellino Infine grattate via le impurità con una paglietta nuova Sciacquate le cozze accuratamente e spostatevi ai fornelli Scaldate una pentola molto capiente, buttate le cozze Coprite con il coperchio e lasciate schiudere completamente le bivalve Di tanto in tanto agitate la pentola per rimestare Ci vorranno 3-4 minuti. A fine cottura togliete il coperchio e disponete nei piatti da portata guarnendo a piacere con degli spicchi di limone e del prezzemolo tritato. Ecco pronta la vostra impepata di cozze: buon appetito'),
( 21, 'Hamburger di ceci', 0, 0, 4, NULL, 'F', 'F', '2019-04-09', 'RussoSaretta9', 8, 'Per realizzare l"hamburger di ceci per prima cosa tagliate a cubetti il pancarrè Poi mondate lo scalogno e affettatelo finemente Scolate i ceci precotti dal liquido di conservazione Versate i ceci nel mixer, aggiungete anche il pane le uova sbattute Incorporate anche lo scalogno grattugiate lo zenzero Frullate tutti gli ingredienti fino a quando non otterrete un composto omogeneo e piuttosto compatto Trasferite l’impasto in una ciotola e aggiungete il pangrattato Ora formate i burger: prendete una porzione di impasto e modellatelo Dovrete ottenere una polpetta schiacciata Una volta formati, procedete con la cottura: scaldate una piastra e quando sarà ben calda, grigliate i burger per un paio di minuti rigirandoli fino a quando si staccheranno e avranno formato le tipiche striature su entrambe i lati. Ora prendete i buns, i tipici panini da hamburger, e farciteli con i burger di ceci, dell’insalatina fresca e qualche fetta di pomodoro Potete condire i vostri hamburger di ceci con le vostre salse preferite.'), 
( 22, 'Vellutata di cavolfiore', 0, 0, 2, NULL, 'T', 'T', '2021-06-16', 'LucaBorghi98', 4, 'Per realizzare la vellutata di cavolfiore iniziate preparando tutti gli ingredienti: lavate, pelate e tagliate a tocchetti le patate (1-2), poi private il porro della parte verde e affettate a rondelle sottili la parte bianca Lavate e mondate il cavolfiore; tagliate, con l’aiuto di un coltello, l’estremità inferiore della testa ed eliminate le foglie più dure, quindi staccate le cimette dal gambo Fate sciogliere il burro con due cucchiai di olio in un pentolino poi unite due spicchi di aglio schiacciato (potete usare uno schiaccia aglio) Quando l’aglio sarà imbiondito aggiungete il porro il cavolfiore quindi insaporite con del pepe nero macinato Aggiungete un litro di acqua poi coprite con un coperchio e continuate la cottura per altri 20 minuti, a fuoco lento Una volta cotte le verdure, frullate il tutto con il mixer Tritate l’erba cipollina e cospargetela sulla vellutata, aggiustate di sale, poi mescolate per amalgamare bene tutti gli ingredienti La vellutata di cavolfiori è pronta: servitela ben calda, accompagnata eventualmente da crostini di pane tostato, un filo d’olio extravergine e parmigiano grattugiato.'),
( 23, 'Orecchiette broccoli e salsiccia', 0, 1, 2, NULL, 'F', 'F', '2017-11-05', 'name_is_anna', 4, 'Per preparare le orecchiette con broccoli e salsiccia, iniziate a portare a bollore una pentola piena d’acqua salata. Staccate dai broccoli le cime Fate cuocere le verdure per 6-7 minuti e nel frattempo proseguite con il resto.Tritate finemente timo e rosmarino quindi sgranate la salsiccia con i rebbi di una forchetta Irrorate di olio di oliva una capiente padella Dopo qualche secondo aggiungete il trito di erbe aromatiche e sfumate la carne con il vino bianco Con l’aiuto di una schiumarola, quindi senza buttare via l’acqua di cottura, prelevate i broccoli cotti Lasciate cuocere tutto per 3-4 minuti, quindi eliminate l’aglio con l’aiuto di una pinza da cucina e aggiungete un pizzico di pepe nero. Lasciate che l"acqua dove avete cotto i broccoli raggiunga il bollore, dopodiché buttate la pasta e lasciate cuocere Quando la pasta è cotta scolatela con una schiumarola trasferendola direttamente nel condimento di broccoli e salsiccia.Aggiungete le ultime orecchiette prelevando anche un mestolo di acqua di cottura, laddove necessario quindi amalgamate bene la pasta nel condimento, aggiungendo del pepe nero e facendo saltare tutto in padella per un paio di minuti Le orecchiette con broccoli e salsiccia sono pronte, dovete solo impiattarle'),
( 24, 'Scaloppine al limone', 2, 0, 4, NULL, 'F', 'F', '2019-02-26', 'Dangi92', 4, 'Per preparare le scaloppine al limone cominciate spremendo quest’ultimo per ricavarne il succo Poi battete le fettine con l’aiuto di un batticarne, coprendole con carta da forno  per non rompere le fibre Colpitele con mano decisa ma senza troppa violenza, in questo modo i tessuti si ammorbidiranno senza però stracciare la polpa Infarinate le fettine di vitello Aggiustate di sale e di pepe nero versate il succo di limone nella padella e cuocete a fiamma dolce per 2-3 minuti Non appena noterete che la salsa inizierà a rapprendersi diventando cremosa, potrete spegnere e servire subito le scaloppine al limone'),
( 25, 'Arista di maiale arrosto', 0, 0, 4, NULL, 'F', 'T', '2022-05-23', 'name_is_anna', 4, 'Per preparare l"arista di maiale arrosto come prima cosa prendete una parte delle erbe aromatiche: timo,rosmarino e salvia (la restante parte tenetela da parte) Passate quindi all"arista, ponetela sempre sul tagliere e con un coltello dalla lama affilata incidete la copertina in modo da staccarla dalla carne ma senza separarla completamente. Quindi apritela Richiudete la copertina e procedete a legare l"arrosto, per tenerlo insieme e dare forma alla vostra carne. Con lo spago da cucina procedete a realizzare la gabbia: passate lo spago prima sotto Una volta che avrete girato lo spago intorno all"ultima costina realizzate un"asola girando lo spago e tenendo ferma la base della stessa con le dita. Infilate la mano nell"asola e girate un paio di volte il filo, poi fate passare la carne all"interno e stringete per creare l"ultimo nodo Quando la carne sarà ben legata passate alla cottura. Scaldate un filo d"olio in un tegame antiaderente e quando sarà caldo sistemate l"arista all"interno Rosolatela bene girandola su tutti i lati ma senza bucarla, solo in questo modo sigillerete i pori della carne e i succhi resteranno all"interno. Quando sarà ben dorata bagnate la carne con il vino bianco che servirà a dare un tono acido alla carne di maiale, naturalmente dolce. Aspettate pochi istanti e utilizzando delle pinze trasferite la carne in una teglia da forno, tenendo da parte il fondo di cottura A questo punto lavate bene le patate Sistematele nella teglia Nel frattempo prendete le erbe aromatiche messe da parte in precedenza e tritate anch"esse Trascorsi i 15 minuti estraete la carne dal forno, aggiungete lo spicchio d"aglio e le erbe aromatiche Versate il brodo nella teglia, attorno al pezzo di carne Coprite con un foglio di alluminio A questo punto slegate la carne assicuratevi di rimuovere tutto lo spago.Tagliatela poi a fette, regolandovi in base alla posizione delle ossa Poi trasferite in un piatto sia la carne che le patate e ricoprite con il fondo di cottura L"arista di maiale arrosto è pronta da servire'),
( 26, 'Polpette di tonno e patate', 4, 0, 5, NULL, 'F', 'T', '2018-04-02', 'Stamp87_', 4, 'Per preparare le polpette di tonno e patate come prima cosa ponete a lessare le patate in acqua fredda Questo tempo varia in base alla grandezza delle patate, per verificare che siano cotte provate a punzecchiarle con una forchetta, se i rebbi entreranno facilmente significa che sono cotte. A questo punto scolatele e sbucciatele; poi schiacciatele all"interno di una ciotola, utilizzando l"apposito attrezzo Lasciate intiepidire e nel frattempo preparate il trito di timo e salvia Non appena le patate non saranno più bollenti aggiungete il tonno, il trito aromatico Unite anche il pepe A questo punto preparate delle polpettine di circa 25 g poi passatele prima nell"uovo sbattuto Nel frattempo che preparate le polpette versate l"olio in un tegame e scaldatelo fino a raggiungere la temperatura di 170° (da misurare con un termometro da cucina).Non appena questo sarà sufficientemente caldo, immergete pochi pezzi per volta Friggete le polpette di tonno e patate per circa 3 minuti, poi scolate con una schiumarola e trasferitele su un foglio di carta per fritti Ultimate di friggere e servite le vostre polpette di tonno e patate ben calde'),
( 27, 'Spritz', 14, 0, 10,  NULL, 'T', 'T', '2021-09-12', 'Danis91_', 1, 'Per preparare lo Spritz cominciate versando il ghiaccio in un calice da vino, riempiendolo fino all"orlo Poi versate il prosecco Infine una spruzzata di soda o di acqua molto frizzante Aggiungete ancora poco ghiaccio e mescolate delicatamente con lo stirrer Guarnite con mezza fetta di arancia e il vostro Spritz è pronto'),
( 28, 'Spaghetti col rancetto', 0, 0, 2, NULL, 'F', 'F', '2018-08-10', 'Ivannn93', 4, 'Per preparare gli spaghetti col rancetto, per prima cosa mondate e tritate finemente la cipolla poi tagliate la pancetta a cubetti Mettete sul fuoco una padella e fate rosolare la pancetta per 5 minuti Nel frattempo portate a bollore una pentola di acqua per cuocere la pasta.Quando sarà bella dorata e croccante, mettete la pancetta da parte e lasciate il grasso nella padella Una volta imbiondita, aggiungete i pomodori pelati sminuzzati A questo punto l’acqua sarà arrivata a bollore, quindi cuocete la pasta Verso la fine del tempo di cottura del sugo, aromatizzate con le foglioline di maggiorana e regolate di sale e di pepe Scolate gli spaghetti al dente direttamente nel condimento e mescolate per amalgamare, aggiungendo al bisogno un po’ dell’acqua di cottura Unite parte della pancetta Servite gli spaghetti col rancetto aggiungendo nel piatto la pancetta restante e un filo di olio crudo, oltre a pepe e Pecorino a piacere'),
( 29, 'Spaghetti alle vongole', 2, 0, 2, NULL, 'F', 'T', '2022-10-05', 'ChefAldo_', 4, 'Per preparare gli spaghetti alle vongole, cominciate dalla Assicuratevi che non ci siano gusci rotti o vuoti, andranno scartati. Passate poi a batterle contro il lavandino, o eventualmente su un tagliere Questa operazione è importante per verificare che non ci sia sabbia all"interno: le bivalve sane resteranno chiuse, quelle piene di sabbia invece si apriranno Poi ponete le vongole in un colapasta poggiato su una ciotola e sciacquatele Ponete il colapasta in una ciotola e aggiungete abbondante sale grosso. Lasciate in ammollo le vongole per 2-3 ore Trascorso il tempo le vongole avranno spurgato eventuali residui di sabbia. In un tegame mettete a scaldare un po" d"olio Poi aggiungete uno spicchio d"aglio e, metre questo si insaporisce, scolate bene le vongole, sciacquatele e tuffatele nel tegame caldo Chudete con il coperchio e lasciate cuocere per qualche minuto a fiamma alta Le vongole si apriranno con il calore, quindi agitate di tanto in tanto il tegame finché non si saranno completamente dischiuse Non appena saranno tutte aperte spegnete subito la fiamma, altrimenti le vongole cuoceranno troppo. Raccogliete il succo scolando le bivalve e non dimenticate di scartare l"aglio Nel frattempo cuocete gli spaghetti in abbondante acqua bollente e salata e scolateli a metà cottura Quindi versate il condimento in una padella aggiungete gli spaghetti e continuate la cottura utilizzando un po" di acqua di cottura. In questo modo risotterete la pasta. A fine cottura unite anche le vongole ed il prezzemolo tritato Un"ultima sfiammata e gli spaghetti alle vongole sono pronti: servite subito'), 
( 30, 'Peperonata', 1, 0, 9, 4.0, 'T', 'T' , '2016-11-22', 'name_is_anna', 4, 'Per preparare la peperonata, lavate e asciugate i peperoni. Quindi affettateli per lungo, tutto attorno al torsolo togliete i filamenti bianchi e riduceteli a falde sottili Mondate e affettate anche le cipolle In un tegame capiente versate un filo d"olio e gli spicchi d"aglio mondati ma interi Fate scaldare quindi unite le cipolle Fate stufare le cipolle a fuoco medio-basso per circa 15 minuti mescolando di tanto in tanto. Quando saranno ammorbidite e avranno rilasciato la loro acqua versate i peperoni Aggiustate di sale e coprite con un coperchio eliminate gli spicchi di aglio, versate la passata di pomodoro mescolate Terminata la cottura la vostra peperonata è pronta per essere gustata'),
( 31, 'Gamberoni al guazzetto', 0, 1, 4, NULL, 'T', 'T', '2022-12-14', 'nameiswalter_', 4, 'Per preparare i gamberoni al guazzetto per prima cosa iniziate dalla pulizia dei gamberoni: tirate via solo il carapace che li avvolge Lasciate attaccate la testa e la coda e adagiate i gamberoni su un vassoio Prendete il peperoncino fresco, estraete i semini interni e tagliatelo a striscioline sottili In una padella scaldate l’olio di oliva, unite poi uno spicchio di aglio intero sbucciato Quando l’olio sarà ben caldo adagiate in padella i gamberoni, uno vicino all’altro senza sovrapporli rosolateli da entrambi i lati per 1 minuto, quindi sfumate con il brandy inclinate la padella in modo che il liquore prenda fuoco e lasciate fiammeggiare fino a che non si spegnerà da solo. Aggiungete quindi i pomodorini pelati e allungate il sugo con l’acqua Salate, pepate, coprite con il coperchio poi schiacciate con una forchetta una parte dei pomodorini e continuate a cuocere i gamberoni ancora per circa 10 minuti.Lavate, asciugate e tritate finemente il prezzemolo A cottura ultimata spegnete il fuoco, insaporite i gamberoni al guazzetto con il prezzemolo fresco'),
( 32, 'Polpo alla Luciana', 2, 1, 4, NULL, 'F', 'T', '2017-02-26', 'Lucygray1', 4, 'Per preparare il polpo alla Luciana iniziate con la pulizia dei polpi (eventualemnte potete acqusitarli già puliti), aprite la sacca lateralmente e svuotandola. Utilizzando delle forbici o un coltellino dalla punta affilata, togliete gli occhi e il dente (); lavate i polpi molto bene sotto l’acqua corrente per eliminare ogni residuo di sabbia, specialmente tra le ventose dei tentacoli. Pulite bene anche l’interno della testa che servirà per la farcitura. Prima di cominciare la cottura, riempite la testa dei polpi con qualche oliva intera, prezzemolo,due spicchi di aglio, metà dei capperi dopodiché quando i polpi saranno ben rosolati abbassate la fiamma e cuocere 30 minuti circa. Con questa cottura la pelle del polpo tende a rimanere attaccata, senza disfarsi eccessivamente.Lavate i pomodorini, tagliateli a metà e lasciateli scolare In un’altra pentola intanto scaldate poco olio, 2/3 spicchi d’aglio tritati e fate soffriggere, poi aggiungete l’acqua di vegetazione dei pomodorini Dopo pochi minuti di cottura aggiungete i pomodori e salate leggermente lasciate cuocere per 20 minuti circa, schiacciandoli perché perdano l’acqua Trascorso il tempo di cottura iniziale per il polpo, quando è ormai tenero, aggiungere le olive e i capperi rimasti e una manciata di prezzemolo A questo punto preparate i crostini di pane: tagliate diagonalmente le fette di pane da baguette e tostatele in forno a 180 gradi per 5/7 minuti. Servite il polpo alla Luciana in un piatto fondo, coperto dalla sua salsa accompagnandolo con le fette di pane tostato.'),
( 33, 'Pasta e mollica', 0, 0, 2, NULL, 'F', 'T', '2019-02-26', 'Salvo94_', 4, 'Per preparare la pasta e mollica, tagliate a metà una pagnotta di pane e prelevatene la mollica Preparate anche gli altri ingredienti: tritate il ciuffo di prezzemolo Iniziate poi a tostare la mollica del pane: in un"ampia padella scaldate a fuoco basso 50 ml di olio d"oliva e schiacciate mezzo spicchio di aglio Quando l"aglio sarà rosolato, aggiungete la mollica Scolate i filetti di alici dall"olio di conservazione e versateli in padella quindi scioglietelli a fuoco medio Portate a bollore abbondante acqua salata e lessate gli spaghetti al dente Quando saranno pronti, scolate gli spaghetti (conservate l"acqua di cottura) e trasferiteli nella padella con aglio, olio, peperoncino e filetti di alici Mantecate la pasta a fuoco vivace, unite la mollica tostata Mescolate e bagnate con un mestolo di acqua di cottura degli spaghetti La pasta e mollica è pronta per essere servita ben calda (17-18)!'),
( 34, 'Involtini alla Siciliana', 1, 0, 4, 5.0, 'F', 'F', '2019-03-22', 'Dangi92', 3, 'Per preparare gli involtini alla siciliana iniziate mettendo in ammollo l’uva passa in una bacinella piena d’acqua per 10 minuti Prendete il caciocavallo, tritatelo finemente Aggiungete al formaggio il pangrattato i pinoli A questo punto tritate finemente la cipolla e mettetela ad appassire in una pentola antiaderente con 3 cucchiai di olio di oliva Quando sarà pronta, unitela al composto di pangrattato e aggiungete il restante olio per amalgamare l’impasto; aggiustate di sale e di pepe L’impasto ottenuto dovrà avere una consistenza grumosa e non compatta perché sia facilmente modellabile quando andate ad assemblare l’involtino.Ora occupatevi di creare gli involtini: prendete la carne e battetela con il batticarne spennellatela con dell"olio, adagiatevi un po" di ripieno e arrotolatela su se stessa dal lato corto A questo punto dividete a metà il rotolo ottenuto con l’aiuto di un coltello Preparate 24 fettine di cipolla tagliando in quarti le falde esterne e iniziate a costruire il primo spiedino (le fette ottenute avranno la lunghezza dell"involtino) Infilzate in uno stecco da spiedo una foglia di alloro, una fetta di cipolla, un involtino, una fetta di cipolla e un’altra foglia di alloro Seguendo questo procedimento preparate anche gli altri spiedini, fino a che non avrete esaurito tutti gli ingredienti e poi spennellateli con dell’olio Fate riscaldare per bene una bistecchiera a fuoco alto e grigliate gli spiedini 2 minuti per lato, quanto basta per rosolarli e cuocere l’interno della carne (17-18). Gli involtini alla siciliana possono essere serviti come classici spiedini oppure si possono separare i boccini e mettere su un piatto.'),
( 35, 'Zucchine fritte', 0, 0, 5, NULL, 'F', 'T', '2016-11-22', 'name_is_anna', 4, 'Per preparare le zucchine fritte, per prima cosa lavate e spuntate le zucchine, poi tagliatele per il lungo a fette di circa 1 cm di spessore Dividete le fette a metà Trasferite le zucchine in un colino, aggiungete il sale grosso Trascorse le 2 ore potrete notare che l’acqua di vegetazione si è raccolta nella ciotola A questo punto sciacquate le zucchine sotto l’acqua corrente Versate l’olio di semi in un tegame e scaldatelo fino a che non raggiungerà la temperatura di 170°. Nel frattempo infarinate le zucchine uniformemente poi togliete la farina in eccesso aiutandovi con un colino Friggete le zucchine per 4-5 minuti Le vostre zucchine fritte sono pronte per essere servite, calde e croccanti!'),
( 36, 'Spezzatino di pollo', 0 , 0, 4, NULL, 'F', 'T', '2018-04-19', 'Stamp87_', 4, 'Per preparare lo spezzatino di pollo iniziate eliminando l’eventuale cartilagine e grasso dal petto di pollo, poi tagliatelo a cubetti di circa 3 cm di lato Tritate il peperoncino, il rosmarino e il timo e teneteli da parte tritate finemente le olive l’aglio e la cipolla e fateli appassire dolcemente nell’olio extravergine d’oliva poi quando saranno trasparenti, aggiungete il trito di rosmarino, timo, peperoncino e olive Lasciate soffriggere per un paio di minuti e poi unite il pollo mescolate e fate soffriggere per 10 minuti sempre mescolando.Quando sarà ben rosolato aggiungete il brodo di pollo fino a coprire i cubetti di carne Quando lo spezzatino di pollo sarà tenero, aggiustate di sale se necessario, aggiungete la farina tramite un setaccio'),
( 37, 'Tiramisu con biscotti secchi', 0, 0, 1, NULL, 'F', 'F', '2015-12-20', 'Mary_the_real_', 6, 'Per preparare il tiramisù cominciate preparando il caffè così quando dovrete utilizzarlo sarà gia freddo. Poi occupatevi delle uova: quindi separate accuratamente gli albumi dai tuorli ricordando che, per montare bene, gli albumi non dovranno presentare alcuna traccia di tuorlo. Poi montate i tuorli con le fruste elettriche, versando solo metà dose di zucchero Non appena il composto sarà diventato chiaro e spumoso, e con le fruste ancora in funzione, potrete aggiungere il mascarpone, poco alla volta Incorporato tutto il formaggio avrete ottenuto una crema densa e compatta; tenetela da parte. Pulite molto bene le fruste e passate a montare gli albumi versando il restante zucchero un po’ alla volta Dovrete montarli a neve ben ferma Prendete una cucchiaiata di albumi e versatela nella ciotola con i tuorli e lo zucchero mescolate energicamente con una spatola, così stempererete il composto. Dopodiché procedete ad aggiungere la restante parte di albumi, poco alla volta mescolando molto delicatamente dal basso verso l"alto A questo punto componete il tiramisù: inzuppate i biscotti nel caffè freddo Stendete su un piatto rettangolare 6 biscotti poi spalmate con una spatolina due cucchiai di composto Una volta liscio, posate altri sei biscotti inzuppati nel caffè Poi versate altri due cucchiai di crema Continuate cosi fino ad ottenere 6 strati di biscotti Lasciate nell’ultimo strato la crema a coprire e cospargetela con il cacao. Conservate il tiramisù in frigorifero fino al momento in cui dovrete servirlo.'),
( 38, 'Spaghetti alla chitarra al nero di olive con asparagi e pancetta', 0, 1, 2, NULL, 'F', 'T', '2017-03-27', 'Lucygray1', 4, 'Per preparare gli spaghetti alla chitarra al nero di olive, asparagi e pancetta, scolate le olive In una ciotola setacciate la semola e poi unite il patè di olive impastate a mano e ponetelo a rosolare rosolatelo a fuoco dolce in un tegame con l’olio di oliva deve appassire e non prendere colore. Una volta appassito per non fargli prendere colore potete aggiungere un mestolo di Togliete dall’acqua gli asparagi e per mantenerli croccanti e per conservare il loro colore vivace immergeteli subito in una ciotola con acqua e ghiaccio Scolate gli asparagi, tagliateli a rondelle avendo cura di tenere da parte le punte per la guarnizione del piatto Unite le rondelle di asparagi al porro Ora riprendete la pasta, lavoratela un pezzetto alla volta da circa 150 gr di peso (avendo cura di avvolgere la restante pasta con la pellicola per non farla seccare) e stendetela la sfoglia a mano con il mattarello man amano che verranno tagliati gli spaghetti potete stenderli su un vassoio infarinato o sull’apposito stendi pasta che non li farà attaccare. Lavate e tagliate in quattro spicchi i pomodorini e i pomodorini Intanto in una pentola portate al bollore abbondante acqua salata e cuocete gli spaghetti per 2-3 minuti Scolate la pasta.'),
( 39, 'Pollo con patate, funghi, e cipolline', 0, 1, 4, NULL, 'F', 'T', '2022-02-11', 'Dibba', 4, 'Per preparare il pollo con patate, funghi e cipolline per prima cosa mettete sul fuoco una pentola con acqua salata che vi servirà per il Sfogliate il rosmarino aggiungete la paprika (sarà sufficiente mezzo cucchiaino raso) mescolate con un cucchiaino e mettete da parte Fiammeggiate il pollo per togliere eventuali piume residue, sciacquatelo sotto abbondante acqua corrente e asciugatelo, poi con un coltello andate ad eliminare la coda Prendete gli aromi tritati e riempite un cucchiaio alla volta l’interno del pollo Richiudete il pollo con l’aiuto di un ago da cucina e lo spago Una volta terminata questa operazione, tagliate il filo in eccesso quindi cospargete l’esterno del pollo con gli aromi che avete tenuto da parte Ponete sul fuoco una pentola con il fondo spesso con un filo di olio. Adagiate il pollo girandolo da entrambi con delle pinze da cucina per una doratura uniforme, poi sfumate con il vino bianco Unite le cipolline mondate distribuendole una accanto all’altra e girandole da entrambi i lati per una cottura uniforme Spostate leggermente le cipolle e aggiungete le patate tagliate nella pentola, facendole rosolare per qualche minuto Versate il brodo vegetale che avete preparato Nel frattempo dedicatevi alla Eliminate eventuali residui con un pennello oppure con un panno di cotone, altrimenti, se i funghi dovessero essere ancora molto sporchi, passateli velocemente sotto un getto di acqua corrente fredda.Trascorso il tempo necessario, unite i funghi puliti interi'),
( 40, 'Torta nocciole e cioccolato', 1, 2, 1, NULL, 'F', 'F', '2018-02-26', 'ChefMario_the_best', 8, 'Per preparare la torta nocciole e cioccolato iniziate a tritare il cioccolato fondente grossolanamente e tenetelo da parte In una ciotola versate il burro morbido, lo zucchero i semi di una bacca di vaniglia Lavorate con le fruste elettriche fino a ottenere una consistenza a pomata Versate anche le uova una alla volta e continuate a impastare Ora versate anche la farina di nocciole Mescolate ancora con le fruste Ora incorporate poco alla volta con un cucchiaio le polveri setacciate Togliete le fruste, versate il cioccolato tritato Livellate bene la superficie con una spatola');

-- --------------------------------------------------------

--
-- Struttura della tabella `utente`
--

CREATE TABLE IF NOT EXISTS utente (
  id_utente int(11) NOT NULL,
  nome varchar(45) NOT NULL,
  cognome varchar(45) NOT NULL
) ENGINE=InnoDB DEFAULT CHARSET=utf8 COLLATE=utf8_general_ci;


INSERT INTO utente (id_utente, nome, cognome) VALUES
(1, 'Andrea', 'Ferrari'),
(2, 'Francesco', 'Rossi'),
(3, 'Mauro', 'Montanari'),
(4, 'Angela', 'Bonacini'),
(5, 'Mario', 'Stampella'),
(6, 'Marco', 'Fontanesi'),
(7, 'Giuseppe', 'Rossi'),
(8, 'Christian', 'Giovinazzi'),
(9, 'Alessandro', 'Davoli'),
(10, 'Maria', 'Ferretti'),
(11, 'Luca', 'Lauro'),
(12, 'Anna', 'Catellani'),
(13, 'Miriam', 'Bonacini'),
(14, 'Francesca', 'Iotti'),
(15, 'Marco', 'Menozzi'),
(16, 'Giovanni', 'Corradini'),
(17, 'Giovanna', 'Costanzo'),
(18, 'Paolo', 'Bertani'),
(19, 'Mario', 'Rossi'),
(20, 'Daniela', 'Scollo'),
(21, 'Luca', 'Fontana'),
(22, 'Stefano', 'Barbieri'),
(23, 'Luisa', 'Scalzi'),
(24, 'Marco', 'Bella'),
(25, 'Amed', 'Aziz'),
(26, 'Stefano', 'Barbieri'),
(27, 'Anna', 'Cristaldi'),
(28, 'Roberto', 'Puglisi'),
(29, 'Giovanni', 'Russo'),
(30, 'Elena', 'Bertani'),
(31, 'Giuseppina', 'Magnani'),
(32, 'Giulia', 'Grasso'),
(33, 'Salvatore', 'Cusimano'),
(34, 'Walter', 'Natale'),
(35, 'Giacomo', 'Barbieri'),
(36, 'Paola', 'Sassi'),
(37, 'Mario', 'Spaggiari'),
(38, 'Mario', 'Bini'),
(39, 'Luca', 'Borghi'),
(40, 'Lucia', 'Fornaciari'),
(41, 'Sara', 'Russo'),
(42, 'Chiara', 'Bertolini'),
(43, 'Maria', 'Bigi'),
(44, 'Silvia', 'Sterrantino'),
(45, 'Samuele', 'Esposito'),
(46, 'Ivan', 'Catania'),
(47, 'Diego', 'Rossi'),
(48, 'Antonio', 'Sassi'),
(49, 'Francesca', 'Salsi'),
(50, 'Mattia', 'Braglia'),
(51, 'Alberto', 'Pulvirenti'),
(52, 'Sara' , 'Boni'),
(53, 'Sofia', 'Bartoli'),
(54, 'Davide', 'Grasso'),
(55, 'Luigi', 'Vezzani'),
(56, 'Shen', 'Hu'),
(57, 'Salvatore', 'Orlandini'),
(58, 'Luca' , 'Bianchi'),
(59, 'Sara', 'Vezzani'),
(60, 'Matteo', 'Villari'),
(61, 'Lorenzo', 'Fantini'),
(62, 'Mauro', 'Bertolini'),
(63, 'Brody', 'Rogahn'),
(64, 'Reilly', 'Purdy'),
(65, 'Ryann', 'Ledner'),
(66, 'Devon', 'Rice'),
(67, 'Dangelo', 'Senger'),
(68, 'Amely', 'Beier'),
(69, 'Trent', 'Stark'),
(70, 'Markus', 'Moen'),
(71, 'Kathleen', 'Reichel'),
(72, 'Lee', 'McClure'),
(73, 'Carter', 'Corwin'),
(74, 'Tyshawn', 'Hammes'),
(75, 'Golda', 'Smith'),
(76, 'Serena','Bini'),
(77, 'Antonio','Hyatt'),
(78, 'Gianluca','Vacchi'),
(79, 'Arden', 'Effertz'),
(80, 'Eve', 'Mohr'),
(81, 'Preston', 'Cavalli'),
(82, 'Kade', 'Mayer'),
(83, 'Ida', 'Cristante'),
(84, 'Joanny', 'Hartmann'),
(85, 'Rigoberto', 'Ortiz'),
(86, 'Nelle', 'Lockman'),
(87, 'Adeline', 'Jaskolski'),
(88, 'Genesis', 'Ebert'),
(89, 'Joany', 'Witting'),
(90, 'Aldo', 'Bianchi'),
(91, 'Morgan', 'Blanda'),
(92, 'Trever', 'Prohaska'),
(93, 'Clotilde', 'Johns'),
(94, 'Christina', 'Boyle'),
(95, 'Haylie', 'Vandervort'),
(96, 'Rowan', 'Donnelly'),
(97, 'Lorenza', 'Vecchio'),
(98, 'Paolo', 'Ferretti'),
(99, 'Gabriele', 'Corsi'),
(100, 'Riccardo', 'Raciti'),
(101, 'Ester', 'Cadeluppi'),
(102, 'Biagio', 'Fantini'),
(103, 'Samuel', 'Kurtich'),
(104, 'Alfredo', 'Rinaldi'),
(105, 'Ida', 'Rossi'),
(106, 'Salvatore', 'Lasagni'),
(107, 'Paolo' , 'Ventura'),
(108, 'Cesare', 'Bocci'),
(109, 'Giulia' , 'Pappalardo'),
(110, 'Matteo', 'Ferri'),
(111, 'Mattia', 'Gallina'),
(112, 'Carlo', 'Cassaniti'),
(113, 'Carla', 'Codeluppi'),
(114, 'Carlo', 'Fantini'),
(115, 'Miriam', 'Spata'),
(116, 'Rasheed', 'Kohler'),
(117, 'Cyril', 'Hyatt'),
(118, 'Davin', 'Hintz'),
(119, 'Mckenzie', 'Swaniawski'),
(120, 'Aliyah', 'Ferry'),
(121, 'Joelle', 'Crona'),
(122, 'Amelie', 'Lubowitz'),
(123, 'Scotty', 'Spencer'),
(124, 'Kailyn', 'Hayes'),
(125, 'Americo', 'McDermott'),
(126, 'Denis', 'Mohr'),
(127, 'Carmel', 'Friesen'),
(128, 'Abel', 'Collins'),
(129, 'Dessie', 'Doyle'),
(130, 'Janick', 'Terry'),
(131, 'Kyler', 'Weber'),
(132, 'Meda', 'Witting'),
(133, 'Nikko', 'Keefe'),
(134, 'Leora', 'Roberts'),
(135, 'Raven', 'Morar'),
(136, 'Herman', 'Klein'),
(137, 'Reina', 'Mills'),
(138, 'Lafayette', 'Cassin'),
(139, 'Jaydon', 'Zieme'),
(140, 'Reilly', 'Windler'),
(141, 'Juvenal', 'Jones'),
(142, 'Mackenzie', 'Lindgren'),
(143, 'Jacynthe', 'Hickle'),
(144, 'Dominique', 'Flatley'),
(145, 'Delphia', 'Mraz'),
(146, 'Davion', 'Dooley'),
(147, 'Cade', 'Raynor'),
(148, 'Lucie', 'Parisian'),
(149, 'Lydia', 'Bartell'),
(150, 'Adrain', 'Kuhn'),
(151, 'Whitney', 'Kihn'),
(152, 'Cleveland', 'Marquardt'),
(153, 'Heath', 'Pfeffer'),
(154, 'Jody', 'Gerhold'),
(155, 'Ora', 'Bergstrom'),
(156, 'Ebony', 'Gislason'),
(157, 'Darren', 'Dibbert'),
(158, 'Janiya', 'Raynor'),
(159, 'Eleonore', 'Romaguera'),
(160, 'Mertie', 'McGlynn'),
(161, 'Margarett', 'King'),
(162, 'Charlotte', 'Kilback'),
(163, 'Ruthie', 'Erdman'),
(164, 'Sid', 'Ankunding'),
(165, 'Cordelia', 'Marquardt'),
(166, 'Amanda', 'Sipes'),
(167, 'Giulio', 'Sacchi'),
(168, 'Maria', 'Rossi'),
(169, 'Sara', 'Bernardeschi'),
(170, 'John', 'Fernandez'),
(171, 'Massimo', 'Conti'),
(172, 'Lorena', 'Stira'),
(173, 'Carlo', 'Conti'),
(174, 'Giuliano', 'Esposito'),
(175, 'Cateno', 'Bianchi'),
(176, 'Aurora', 'Vecchi'),
(177, 'Sam', 'Parker'),
(178, 'Simone', 'Russo'),
(179, 'Martina', 'Cilia'),
(180, 'Marco', 'Bolle'),
(181, 'Carlo', 'Vanzini'),
(182, 'Vincenzo', 'Orlandini'),
(183, 'Federico', 'Rinaldi'),
(184, 'Lucio', 'Bedogni'),
(185, 'Marco', 'Panzerotti'),
(186, 'Jaquelin', 'Dietrich'),
(187, 'Syble', 'Altenwerth'),
(188, 'Kaci', 'Quitzon'),
(189, 'Alia', 'Lynch'),
(190, 'Fanny', 'Blick'),
(191, 'Blake', 'Gerlach'),
(192, 'Luz', 'Price'),
(193, 'Marianne', 'Greenfelder'),
(194, 'Javier', 'Volkman'),
(195, 'Jay', 'Kovacek'),
(196, 'Austen', 'Labadie'),
(197, 'Laisha', 'Labadie'),
(198, 'Rosetta', 'Fisher'),
(199, 'Rosendo', 'Deckow'),
(200, 'Marion', 'Gerlach'),
(201, 'Rachel', 'Cartwright'),
(202, 'Wanda', 'Prohaska'),
(203, 'Jacinto', 'Hickle'),
(204, 'Richmond', 'Shields'),
(205, 'Jaren', 'Bechtelar'),
(206, 'Devyn', 'Schmitt'),
(207, 'Enos', 'Yundt'),
(208, 'Neva', 'Harata'),
(209, 'Eleanora', 'Haley'),
(210, 'Dave', 'Wunsch'),
(211, 'Matt', 'Purdy'),
(212, 'Aliza', 'Roob'),
(213, 'Britney', 'Bechtelar'),
(214, 'Adelina', 'Scotti'),
(215, 'Melyssa', 'Crooks'),
(216, 'Cale', 'Marvin'),
(217, 'Jonathan', 'Mandela'),
(218, 'Jenifer', 'Gutkowski'),
(219, 'Ester', 'Lowe'),
(220, 'Amy', 'Hill'),
(221, 'Carmen', 'Littel'),
(222, 'Jody', 'Larson'),
(223, 'Lila', 'Raynor'),
(224, 'Elena', 'Cerra'),
(225, 'Cristal', 'Treutel'),
(226, 'Maximilian', 'Smitham'),
(227, 'Luther', 'Murazik'),
(228, 'Enid', 'Kertzmann'),
(229, 'Rachelle', 'Leffler'),
(230, 'Lula', 'Mitchell'),
(231, 'Myrna', 'Ziemann'),
(232, 'Corene', 'Klang'),
(233, 'David', 'Boyle'),
(234, 'Terence', 'Beahan'),
(235, 'Samantha', 'Jones'),
(236, 'Freda', 'Lubowitz'),
(237, 'John', 'Frusciante'),
(238, 'Fleta', 'Rempel'),
(239, 'Elta', 'Rain'),
(240, 'Walter', 'Torp'),
(241, 'Fabio', 'Castagnetti'),
(242, 'Monica', 'Fontana'),
(243, 'Marika', 'Bondavalli'),
(244, 'Christian', 'Zanni'),
(245, 'Alfredo', 'Panettiere'),
(246, 'Giulia', 'Morini'),
(247, 'Marco', 'Poli'),
(248, 'Alessandro', 'Carta'),
(249, 'Samuel', 'Storm'),
(250, 'Luciano', 'Parlavecchio'),
(251, 'Giovanni', 'Cigartini'),
(252, 'Gioele','Russo'),
(253, 'Luca', 'Costa'),
(254, 'Vittorio', 'Sgarbi'),
(255, 'Vittorio', 'Forelli'),
(256, 'Mauro', 'Rossi'),
(257, 'Giusi', 'Barella'),
(258, 'Tiziana', 'Cassaniti'),
(259, 'Carmine', 'Scotti'),
(260, 'Ciro', 'Ferrara'),
(261, 'Monica', 'Mattioli'),
(262, 'Rosa', 'Salsa'),
(263, 'Alessandro', 'Carta'),
(264, 'Maria', 'Casoli'),
(265, 'Marta', 'Cavallaro'),
(266, 'Fernando', 'Alvarez'),
(267, 'Luca', 'Sassi'),
(268, 'Patrizia', 'Cattani'),
(269, 'Francesca', 'Tondelli'),
(270, 'Angelo', 'Spina'),
(271, 'Kevin', 'Kaur'),
(272, 'Sara', 'Tedeschi'),
(273, 'Martina', 'Vacchi'),
(274, 'Oliver', 'Manzini'),
(275, 'Patrizia', 'Zanichelli'),
(276, 'Massimo', 'Amante'),
(277, 'Orazio', 'Bianchi'),
(278, 'Domenico', 'Abate'),
(279, 'Filippo', 'Crescentini'),
(280, 'Orazio', 'Chiesa'),
(281, 'Valeria','Zanichelli'),
(282, 'Elva', 'Sanford'),
(283, 'Uriah', 'Hirthe'),
(284, 'Jack', 'Jones'),
(285, 'Florencio', 'McGlynn'),
(286, 'Ephraim', 'Mccullough'),
(287, 'Bridget', 'Wiza'),
(288, 'Isobel', 'Nikolaus'),
(289, 'Jody', 'Zemlak'),
(290, 'Cho', 'Chan'),
(291, 'Darien', 'Bailey'),
(292, 'Jayda', 'Veum'),
(293, 'Hollis', 'Kirlin'),
(294, 'Teresa', 'Medhurst'),
(295, 'Tom', 'Wyman'),
(296, 'Nedra', 'Denesik'),
(297, 'Marianna', 'Deckow'),
(298, 'Valerio', 'Bentivoglio'),
(299, 'Luisa', 'Pappalardo'),
(300, 'Barbara', 'Muto'),
(301, 'Michele', 'Faraci'),
(302, 'Beatrice', 'Bianchi'),
(303, 'Domenico', 'Gozzi'),
(304, 'Alberto', 'Angela'),
(305, 'Carlo', 'Abbiati'),
(306, 'Mattia', 'Gualtieri'),
(307, 'Ester', 'Muto'),
(308, 'Amelia', 'Braun'),
(309, 'Aurora', 'Gozzi'),
(310, 'Pietro', 'Silvestri'),
(311, 'Piero', 'Cristaldi'),
(312, 'Romina', 'Manfredi'),
(313, 'Ivan', 'Manfredi'),
(314, 'Barbara', 'Montalcini'),
(315, 'Zelda', 'Campagnone'),
(316, 'Giorgio', 'Bianchi'),
(317, 'Sebastiano', 'Cassaniti'),
(318, 'Enrico', 'Tirelli'),
(319, 'Luca', 'Denti'),
(320, 'Virginia', 'Smith'),
(321, 'Roberto', 'Masini'),
(322, 'Serena', 'Sassi'),
(323, 'Mario', 'Rossi'),
(324, 'Marta', 'Mazzeo'),
(325, 'Gianluca', 'Meneguzzi'),
(326, 'Oliver', 'Jones'),
(327, 'Patrick', 'Smith'),
(328, 'Francesca', 'Gialli'),
(329, 'Marco', 'Rossi'),
(330, 'Luigi', 'Salsa'),
(331, 'Paola', 'Catarci'),
(332, 'Trent', 'Vera'),
(333, 'Simone', 'Treccarichi'),
(334, 'Mirko', 'Balotelli'),
(335, 'Andrea', 'Chiesa'),
(336, 'Miriana','Rinaldi'),
(337, 'Paolo','Berardi'),
(338, 'Simona', 'Rossi'),
(339, 'Patrizia', 'Verdi'),
(340, 'Martina', 'Milici'),
(341, 'Matteo', 'Schillaci'),
(342, 'Claudio', 'Bagnacani'),
(343, 'Alessandra', 'Verdi'),
(344, 'Sara', 'Ferretti'),
(345, 'Amanda', 'Parker'),
(346, 'Silvia', 'Russo'),
(347, 'Jonathan', 'Sangrigoli'),
(348, 'Chiara', 'Ruffino'),
(349, 'Antonio', 'Parlavecchio'),
(350, 'Giuseppe', 'Scuderi'),
(351, 'Tiziano', 'Spata'),
(352, 'Giorgia', 'Michelin'),
(353, 'Orazio' , 'Perretti'),
(354, 'Giorgia', 'Amico'),
(355, 'Federica', 'Luvuri'),
(356, 'Simona', 'Grasso'),
(357, 'Mattia', 'Zuccaro'),
(358, 'Silvio', 'Ferretti'),
(359, 'Claudio', 'Bagnacani'),
(360, 'Rosaria', 'Silvestri'),
(361, 'Nicola', 'Cocchi'),
(362, 'Nicola', 'Bianchi'),
(363, 'Caterina', 'Bonacini'),
(364, 'Franca', 'Pirlo'),
(365, 'Federico', 'Dallari'),
(366, 'Andrea', 'Carretti'),
(367, 'Andrea', 'Rossi'),
(368, 'Filippo', 'Barone'),
(369, 'Giuseppina', 'Pedroni'),
(370, 'John', 'Turturro'),
(371, 'Samuele', 'Cavallaro'),
(372, 'Angelo', 'Berardi'),
(373, 'Angela', 'Catanzaro'),
(374, 'Maria', 'Catania'),
(375, 'Marisa', 'Montecchi'),
(376, 'Elisa' , 'Giaroli'),
(377, 'Pietro', 'Ruozzi'),
(378, 'Sam', 'Sallustri'),
(379, 'Gaetano', 'Canovi'),
(380, 'Emilia', 'Cabazzi'),
(381, 'Luca', 'Pedroni'),
(382, 'Veronica', 'Sterrantino'),
(383, 'Vera' , 'Cavallaro'),
(384, 'Aldo' , 'Poretti'),
(385, 'Angelo', 'Beneventi'),
(386, 'Christian', 'Palermo'),
(387, 'Matteo', 'Coppola'),
(388, 'Amira', 'Liotta'),
(389, 'Oscar', 'Barresi'),
(390, 'Martina', 'Russo'),
(391, 'Osvaldo' , 'Camellini'),
(392, 'Giovanni', 'Palermo'),
(393, 'Mario', 'Rossi'),
(394, 'Gianluca', 'Gatti'),
(395, 'Piero', 'Motta'),
(396, 'Francesco', 'Cavallaro'),
(397, 'Marco' , 'Cassaniti'),
(398, 'Giulio', 'Barbieri'),
(399, 'Christian', 'Cilloni'),
(400, 'Cristina', 'Barresi');


--
-- Struttura della tabella `utenteregistrato`
--

CREATE TABLE IF NOT EXISTS utenteregistrato (
  nickname varchar(60) NOT NULL,
  data_nascita date DEFAULT NULL,
  data_registrazione date NOT NULL,
  newsletter tinyint(1) NOT NULL,
  id_utente int(11) NOT NULL
) ENGINE=InnoDB DEFAULT CHARSET=utf8 COLLATE=utf8_general_ci;

--
-- Dump dei dati per la tabella 'utenteregistrato'
--
INSERT INTO utenteregistrato (nickname, data_registrazione, newsletter, data_nascita, id_utente) VALUES
('andre99_','2018-01-05', 1, NULL, 1),
('fraros_','2018-02-07', 1, NULL ,2),
('maumont1_','2017-06-11', 1 ,'1994-08-21', 3),
('AngelB_' ,'2017-06-11' ,1, NULL ,4),
('Stamp87_', '2016-05-30' , 0,'2003-10-01', 5),
('Fontanesi81' ,'2018-10-12' , 1, NULL , 6),
('Peppeross_' ,'2018-01-02' , 0,'1986-03-14', 7),
('Giovi91_' ,'2017-07-16', 1, NULL, 8),
('AleDove_' ,'2015-04-12' , 0,NULL , 9),
('IamMaria92' ,'2015-08-16' , 0,NULL, 10),
('Luke21' ,'2017-06-10' , 0,'1997-12-03', 11),
('Annetta16_' ,'2020-01-06' , 1,NULL, 12),
('Miri95_' ,'2020-01-23' , 1, NULL, 13),
('IottiF99' ,'2020-01-02' , 0, NULL, 14),
('Menoz32' ,'2020-04-09' , 1,'1994-08-06', 15),
('Johnny11' ,'2021-05-06' , 1,'1980-03-19' , 16),
('VanniCostanzo98','2020-01-01' , 1,NULL , 17),
('Pbert87_' ,'2020-03-07', 0,'1969-02-04', 18),
('Mariooo15' ,'2018-06-06' , 1,NULL, 19),
('Danis91_' ,'2016-03-07' , 1,NULL, 20),
('FontanaLk_' ,'2022-03-07' , 1,NULL, 21),
('Stefano87' ,'2019-03-18' , 0,NULL, 22),
('ScalziLuisa1_' ,'2020-04-08' , 1,NULL, 23),
('Marcodb_' ,'2018-08-10' , 1,NULL, 24),
('Amed32' ,'2022-02-02' , 0,NULL ,25),
('Barbieri912' ,'2021-06-15', 1,'2000-02-27', 26),
('name_is_anna' ,'2015-08-12', 0,NULL, 27),
('roby98_' ,'2020-03-02' , 0, NULL, 28),
('russojhon1_' ,'2020-03-03' , 0,NULL, 29),
('Elenaquella91' ,'2020-05-11' , 0,NULL, 30),
('Peppinamagn','2019-09-18' , 0,NULL, 31),
('Carotinag','2019-09-04' , 0,NULL, 32),
('Cusiman77','2019-0-18' , 0,'1992-03-06' , 33),
('nameiswalter_','2018-05-25' , 0, NULL, 34),
('Jack95_','2019-11-12' , 0,NULL, 35),
('Sassinop_','2019-01-12' , 0,'1997-02-01', 36),
('Mario76_','2021-09-18' , 0,NULL, 37),
('BiniM_','2015-06-12', 0,'1989-08-09', 38),
('LucaBorghi98' ,'2015-02-11' , 0,NULL, 39),
('Lucygray1' ,'2016-01-16' , 0, NULL, 40),
('RussoSaretta9' ,'2015-01-16' , 0,NULL, 41),
('ChiaraBert_' ,'2015-03-01' , 1, NULL, 42),
('Mary_the_real_' ,'2015-08-25' , 1, NULL, 43),
('Silvia56_' ,'2015-12-14' , 1, NULL, 44),
('Samuesp_' ,'2015-11-13' , 1,'1997-08-23', 45),
('Ivannn93' ,'2016-08-16' , 1,NULL, 46),
('DiegoRossi2_' ,'2018-04-14' , 1,'1997-08-23', 47),
('AntonyS_' ,'2015-04-13' , 1, NULL, 48),
('Francis7' ,'2015-08-16' , 1, NULL, 49),
('BraMatt_' ,'2017-04-21' , 1,NULL, 50),
('Pulvi52' ,'2017-04-22' , 1,'1994-08-06', 51),
('Bonisara22' ,'2016-04-29' , 1, NULL, 52),
('BartoliSofi_','2015-08-16' , 0,'1955-02-07', 53),
('GDavid' ,'2022-02-20' , 0 , NULL, 54),
('Luigi72' ,'2022-02-22' , 0 ,'1991-01-12', 55),
('Hu65' ,'2021-01-25' , 1, NULL , 56),
('Salvo94_' ,'2015-08-12' , 1,NULL , 57),
('SonoBianchi' ,'2016-07-16' , 1,NULL , 58),
('Vezz66' ,'2022-07-28' , 0,'1961-05-26', 59),
('Villari94' ,'2022-02-23' , 0,NULL , 60),
('Lorif_' ,'2022-02-24' , 0,NULL , 61),
('Dibba' ,'2020-06-12' , 0,NULL , 62),
('Brodhy13' ,'2022-05-14' , 0,'1976-04-13', 63),
('Reilly1_' ,'2015-07-16' , 0,NULL , 64),
('Ryan87_' ,'2015-09-13' , 1,NULL , 65),
('RiceDev' ,'2016-01-20' , 1,'1971-04-02', 66),
('Dangi92' ,'2016-01-29' , 1, NULL, 67),
('Amely77_' ,'2018-05-18' , 0, NULL, 68),
('IamStark' ,'2018-05-19' , 0,'2001-10-23' , 69),
('Markus81' ,'2017-02-04' , 1, NULL, 70),
('Kreich12' ,'2018-10-18' , 1, NULL, 71),
('iamlee91_' ,'2018-12-12' , 0,'1993-01-15', 72),
('Carter00c' ,'2017-01-16' , 0, NULL, 73),
('Hamty_','2018-03-24', 1, NULL, 74),
('Gsmith32','2016-07-19' , 1, NULL, 75),
('Serebini5_' ,'2023-01-24' , 0, NULL, 76),
('Anton66' ,'2021-06-22' , 1, NULL, 77),
('GianluVacchi1' ,'2018-09-26' , 1, NULL, 78),
('Ardy44' ,'2021-07-01' , 1, NULL, 79),
('Mohrev_' ,'2021-08-14' , 1, NULL, 80),
('Pres3_' ,'2021-04-05' , 1, NULL, 81),
('Kadam_' ,'2020-02-03' , 0, NULL, 82),
('Ida_cristante78' ,'2020-05-11' , 0, NULL, 83),
('Joan8' ,'2020-06-25' , 0, NULL, 84),
('AldoB85' ,'2020-06-23' , 1, NULL, 90),
('Mitch87' ,'2020-06-25' , 1, NULL, 230),
('Kevka_' ,'2020-06-21' , 0, NULL, 271),
('Saratedeschi1_' ,'2020-04-22' , 1, NULL, 272),
('vacchim27','2020-02-23' , 1, NULL, 273),
('Barbym_' ,'2019-03-01' , 1, NULL, 300),
('Michifaraci_' ,'2020-10-26' , 0, NULL, 301),
('Bea98' ,'2019-08-14' , 0, NULL, 302),
('Mimmo75' ,'2019-08-14' , 0, NULL, 303),
('grandeAlberto1' ,'2019-08-14' , 1, NULL, 304),
('AbbiatiC_' ,'2019-08-12' , 1,'2003-07-09', 305),
('Matthewgu95' ,'2019-08-14' , 0, NULL, 306),
('Esty77' ,'2018-10-11' , 1, NULL, 307),
('Ame66' ,'2018-10-17' , 1, NULL, 308),
('Aurig1' ,'2015-11-15' , 0,'1993-01-15', 309),
('Pietro673_' ,'2016-09-21' , 1, NULL, 310),
('Pier98_' ,'2016-04-20' , 0,'1998-02-07', 311),
('iamromina_' ,'2016-04-30' , 0, NULL, 312),
('serpeverde32' ,'2016-05-31' , 1, NULL, 313),
('nameisbarby' ,'2021-05-13' , 1,'1975-02-14', 314),
('Zelda90' ,'2016-06-17' , 0, NULL, 315),
('Giorgione21' ,'2016-09-21' , 0, NULL, 316),
('Sebycass4' ,'2019-09-24' , 1,'2003-07-09', 317),
('Enry11_' ,'2016-12-23' , 1, NULL, 318),
('DentiLuke' ,'2015-12-22' , 0, NULL, 319),
('Virgy82_' ,'2018-09-27' , 1,'1989-02-06', 320),
('Roby55' ,'2018-10-01' , 1, NULL, 321),
('Sassisere1' ,'2018-09-27' , 0, NULL, 322),
('Mars2' ,'2019-01-27' , 1, NULL, 323),
('Marty88' ,'2018-08-28' , 0,'1988-08-03', 324),
('GianluMeneguzzi88' ,'2018-03-03' , 1, NULL, 325),
('Oliverj7' ,'2020-05-26' , 1, NULL, 326),
('Patsmith3' ,'2020-05-11' , 0, NULL, 327),
('Giallifra1' ,'2020-04-22' , 0, NULL, 328),
('RossiMarko1' ,'2020-08-06' , 0,'1989-02-06', 329),
('Salsa_is_luigi_','2020-05-04' , 0, NULL, 330),
('Paolina23' ,'2020-06-23' , 0, NULL, 331),
('Trenty33_' ,'2019-07-29' , 0, NULL, 332),
('Simotreccarichi1' ,'2019-08-23' , 0, NULL, 333),
('Mirko_telli1' ,'2017-04-28' , 1, NULL, 334),
('Andrewc5' ,'2023-06-30' , 1, NULL, 335),
('Miryr8' ,'2023-04-04' , 1, NULL, 336),
('Pberardi_' ,'2020-04-01' , 1, NULL, 337),
('Simonaros14' ,'2019-05-18' , 1,'1979-04-26' , 338),
('Patri_verdi1' ,'2015-08-24' , 1, NULL, 339),
('TinaM_76' ,'2015-05-23' , 1, NULL, 340),
('Mattiskill1' ,'2019-09-22' , 1, NULL, 341),
('ClaudioBagna1' ,'2017-07-07' , 1, NULL, 342),
('CocchiChef1' ,'2016-05-01' , 0, NULL, 361),
('ChefAldo_' ,'2019-07-23' , 1,'1980-12-28' , 384),
('AngeloBen65' ,'2019-06-15' , 1, NULL, 385),
('ChrisPalermo_1' ,'2020-08-04' , 1, NULL, 386),
('Matteocop25' ,'2016-02-07' , 1,'1997-12-25' , 387),
('AmiraLio_' ,'2022-04-26' , 1, NULL, 388),
('Oscarbar2_' ,'2022-11-09' , 1,'1972-09-03' , 389),
('Martinarss_' ,'2020-09-25' , 1, NULL, 390),
('ChefOsvaldo46' ,2020-04-01 , 1,'1946-01-10', 391),
('ChefVanni_' ,'2015-04-13' , 1, NULL, 392),
('ChefMario_the_best','2016-06-23' , 1, NULL, 393),
('iamgattig1' ,'2023-05-24' , 0, NULL, 394),
('PieroMotta_12' ,'2021-05-12' , 0, NULL, 395),
('FraCavallaro3' ,'2021-05-14' , 0, NULL, 396),
('cassanitim87' ,'2018-11-15' , 0,NULL, 397),
('Giuliobarb41' ,2023-07-24 , 1,'1969-05-25' , 398),
('Chill_chris1' ,'2017-05-18' , 0, NULL, 399),
('Cristina_chef75' ,'2022-08-12' , 1 ,'1975-12-09', 400);




--
-- Indici per le tabelle scaricate
--

--
-- Indici per le tabelle `allergia_alimentare_verso`
--
ALTER TABLE allergia_alimentare_verso
  ADD PRIMARY KEY (id_ingrediente, nickname),
  ADD KEY nickname (nickname),
  ADD KEY id_ingrediente (id_ingrediente);

--
-- Indici per le tabelle 'categoriaricetta'
--
ALTER TABLE categoriaricetta
  ADD PRIMARY KEY (id_categoria);

--
-- Indici per le tabelle `contiene`
--
ALTER TABLE contiene
  ADD PRIMARY KEY (id_ingrediente, id_ricetta, quantita),
  ADD KEY fk_Contiene_Ingrediente_indice (id_ingrediente),
  ADD KEY fk_Contiene_Ricetta_indice (id_ricetta);

--
-- Indici per le tabelle `contattoinstagram`
--
ALTER TABLE contattoinstagram
  ADD PRIMARY KEY (nome_contatto),
  ADD KEY nickname (nickname);

--
-- Indici per le tabelle `ingrediente`
--
ALTER TABLE ingrediente
  ADD PRIMARY KEY (id_ingrediente);

--
-- Indici per le tabelle `intolleranza_alimentare_verso`
--
ALTER TABLE intolleranza_alimentare_verso
  ADD PRIMARY KEY (id_ingrediente, nickname),
  ADD KEY id_ingrediente (id_ingrediente),
  ADD KEY nickname (nickname);

--
-- Indici per le tabelle `recensione`
--
ALTER TABLE recensione
  ADD PRIMARY KEY (id_ricetta, nickname),
  ADD KEY fk_Recensione_Ricetta_indice (id_ricetta),
  ADD KEY fk_Recensione_Utenteregis_indice (nickname);

--
-- Indici per le tabelle `ricetta`
--
ALTER TABLE ricetta
  ADD PRIMARY KEY (id_ricetta),
  ADD KEY id_categoria (id_categoria),
  ADD KEY nickname (nickname);

--
-- Indici per le tabelle `utente`
--
ALTER TABLE utente
  ADD PRIMARY KEY (id_utente);

--
-- Indici per le tabelle `utenteregistrato`
--
ALTER TABLE utenteregistrato
  ADD PRIMARY KEY (nickname),
  ADD KEY id_utente (id_utente);
  
--
-- limiti per le tabelle
--



--
-- limiti per la tabella 'recensione'
--
ALTER TABLE recensione
	ADD CONSTRAINT fk_Recensione_Ricetta FOREIGN KEY (id_ricetta) REFERENCES ricetta(id_ricetta) ON DELETE NO ACTION ON UPDATE NO ACTION,
	ADD CONSTRAINT fk_Recensione_Utenteregistrato FOREIGN KEY (nickname) REFERENCES utenteregistrato(nickname) ON DELETE NO ACTION ON UPDATE NO ACTION;
--
-- limiti per la tabella 'utenteregistrato' 
--
ALTER TABLE utenteregistrato
	ADD CONSTRAINT fk_Utenteregistrato_Utente FOREIGN KEY (id_utente) REFERENCES utente(id_utente) ON DELETE NO ACTION ON UPDATE NO ACTION;
--
-- limiti per la tabella 'ricetta'
--
ALTER TABLE ricetta
	ADD CONSTRAINT fk_Ricetta_Categoriaricetta FOREIGN KEY (id_categoria) REFERENCES categoriaricetta(id_categoria) ON DELETE NO ACTION ON UPDATE NO ACTION,
	ADD CONSTRAINT fk_Ricetta_Utenter FOREIGN KEY (nickname) REFERENCES utenteregistrato(nickname) ON DELETE NO ACTION ON UPDATE NO ACTION;

--
-- limiti per la tabella 'contattoinstagram'
--
ALTER TABLE contattoinstagram
	ADD CONSTRAINT fk_ContattoInsta_Utenteregistrato FOREIGN KEY (nickname) REFERENCES utenteregistrato(nickname) ON DELETE NO ACTION ON UPDATE NO ACTION;
--
-- limiti per la tabella 'contiene'
--
ALTER TABLE contiene
	ADD CONSTRAINT fk_Contiene_Ricetta FOREIGN KEY (id_ricetta) REFERENCES ricetta(id_ricetta) ON DELETE NO ACTION ON UPDATE NO ACTION,
    ADD CONSTRAINT fk_Contiene_Ingrediente FOREIGN KEY (id_ingrediente) REFERENCES ingrediente(id_ingrediente) ON DELETE NO ACTION ON UPDATE NO ACTION;
--
-- limiti per la tabella 'intolleranza_alimentare_verso'
--
ALTER TABLE intolleranza_alimentare_verso
	ADD CONSTRAINT fk_IntolleranzaAlimVerso_Ingrediente FOREIGN KEY (id_ingrediente) REFERENCES ingrediente(id_ingrediente) ON DELETE NO ACTION ON UPDATE NO ACTION,
    ADD CONSTRAINT fk_IntolleranzaAlimVerso_Utenteregistrato FOREIGN KEY (nickname) REFERENCES utenteregistrato(nickname) ON DELETE NO ACTION ON UPDATE NO ACTION;
--
-- limiti per la tabella 'allergia_alimentare_verso'
--
ALTER TABLE allergia_alimentare_verso
	ADD CONSTRAINT fk_AllergiaAlimVerso_Ingrediente FOREIGN KEY (id_ingrediente) REFERENCES ingrediente(id_ingrediente) ON DELETE NO ACTION ON UPDATE NO ACTION,
    ADD CONSTRAINT fk_AllergiaAlimVerso_Utenteregistrato FOREIGN KEY (nickname) REFERENCES utenteregistrato(nickname) ON DELETE NO ACTION ON UPDATE NO ACTION;



--
-- AUTO_INCREMENT per la tabella `utente'
--
ALTER TABLE utente
  MODIFY id_utente int(11) NOT NULL AUTO_INCREMENT, AUTO_INCREMENT=401;


--
-- AUTO_INCREMENT per la tabella `ingrediente'
--
ALTER TABLE ingrediente
  MODIFY id_ingrediente int(11) NOT NULL AUTO_INCREMENT, AUTO_INCREMENT=141;



--
-- AUTO_INCREMENT per la tabella `categoriaricetta'
--
ALTER TABLE categoriaricetta
  MODIFY id_categoria int(11) NOT NULL AUTO_INCREMENT, AUTO_INCREMENT=11;


--
-- AUTO_INCREMENT per la tabella `ricetta'
--
ALTER TABLE ricetta
  MODIFY id_ricetta int(11) NOT NULL AUTO_INCREMENT, AUTO_INCREMENT=41;


